uuid,category_label,joint_count,bone_count,pred_joints,vertex_count,face_count,j2j,j2b,b2b,iou,precision,recall
7e00113b-0a31-50d6-b4b1-d8ae25f74392,character,51,50,28,25555,29424,0.027328236028552055,0.007841770043471894,0.09255130589008331,0.19469885255245137,0.25832526060318994,0.3186996857809752
b3234635-0797-53cd-8e88-d8717986ad74,anthropomorphic,52,51,29,24822,24287,0.040163613855838776,0.02764348851131468,0.1005759984254837,0.21565812325489872,0.2920362352775408,0.3807466147931355
8de1103f-2ffa-56c4-a288-ea693354aa9f,character,52,51,51,19347,30956,0.029559090733528137,0.009761869345846422,0.12044548243284225,0.2692882742373268,0.32185933478579193,0.41092549607615086
15b2fcc8-3115-50e7-b201-d73f4e71b4f1,"character, scanned data",52,51,52,30864,53038,0.01677362248301506,0.009524415183337763,0.11011774837970734,0.3067107425833533,0.36858129790452765,0.4386516763053731
e45edd83-7d6c-5543-9be3-6b3e5b000437,character,28,27,34,12169,23132,0.011943144723773003,0.01347680129829849,0.10032741725444794,0.611120863355018,0.7700804588862172,0.7645223938871918
12336c5f-c7eb-5ec3-90c2-02eaabf13d27,character,52,51,24,22478,37375,0.013991400599479675,0.01166160994883588,0.09035630524158478,0.2564560777469319,0.33868800198712457,0.32570404828658867
756c18bd-dbaf-5c90-af80-8f863c93866a,animal,24,23,24,14464,27390,0.05048077180981636,0.016282372360971447,0.07107913494110107,0.381096172184229,0.527263097317677,0.48780775060493714
27aee8b1-6ff3-5b4b-a4c5-8a2737561b05,character,52,51,48,32358,53460,0.014694360084831715,0.01135442089434946,0.12678848206996918,0.30735635724098065,0.36705025016713055,0.4629023416632171
85740504-ac04-5951-8d10-f37e53864f64,electronic device,11,10,2,224,204,0.04009848088026047,0.015934643801301718,0.14926984906196594,0.1011562277282847,0.1011562277282847,0.28571428562053575
dd966820-2789-5aa1-a5f4-ac03fbf49aa7,"mythical creature, anthropomorphic",30,29,33,3748,5256,0.08200883120298386,0.039946439901761936,0.07016478478908539,0.17245288407868983,0.2626236746850687,0.2937809328862804
e52fec83-ed7c-536a-a024-22eb20620280,"character, anthropomorphic",52,51,21,14945,27479,0.09311890602111816,0.06404397668804795,0.07561337202787399,0.07170540538650234,0.13304624082271674,0.19742654853709932
761b7bf7-d535-57b0-9618-daf890258beb,"character, anthropomorphic",52,51,51,11819,20425,0.015972163528203964,0.009585609458108414,0.12140561640262604,0.31644073331263417,0.38727136555911457,0.4563510651260374
e1eb6075-8910-5cb1-b01c-0e8538263f19,"character, scanned data",52,51,51,54313,85768,0.021115047857165337,0.011454368519195008,0.09674753993749619,0.31532026113056966,0.37218405199483695,0.4280140614172631
5d13f068-038b-5caf-a0ad-82d76193bb35,character,52,51,52,14613,26928,0.020606132224202156,0.00985054879520948,0.1121629998087883,0.38655703793284363,0.4988939865226536,0.563438832688026
1cd5b75e-5348-55a5-9deb-3e081250b2fc,character,52,51,52,25803,43740,0.017167087644338608,0.009265138979222124,0.10729052871465683,0.29579959136009853,0.3420642989484639,0.4237377809906632
37e2c395-608c-5ef2-88ae-df0ee6178b2b,"character, anthropomorphic",42,41,45,4356,6410,0.03443484380841255,0.015119017215652598,0.10469377785921097,0.29072782397632885,0.3910051492497952,0.44472524801329594
e0c0452f-54b5-5dd8-abc3-2c0e944ec15e,anthropomorphic,28,27,16,5091,9474,0.057203687727451324,0.04088733554817736,0.07951107621192932,0.16412731954282792,0.2309740337409636,0.36639833071729094
6f97a287-da2c-5d95-bd3c-70f8b6305da3,"toy, anthropomorphic",34,33,18,4617,8234,0.05124892294406891,0.04360690164483256,0.05961225554347038,0.15985743741932873,0.26008802439861994,0.26269088234459254
6c064a52-030d-56ac-9c10-1ddce7582f7b,animal,44,43,38,8579,15298,0.05448109284043312,0.02592054916864359,0.08759456872940063,0.2345118694755208,0.3483923482106834,0.3561498850265688
8daca06a-6b5c-5220-9f45-7cea7a19b62d,animal,24,23,21,1884,3306,0.06981293857097626,0.03826296271844989,0.09964302182197571,0.3130630760464974,0.44354495823206164,0.5241947208099987
80c5fc7e-3791-5a73-ab5e-82a4dbf635dd,"character, anthropomorphic",52,51,26,27404,13863,0.030406881123781204,0.021577362114420302,0.08771542459726334,0.23208256736481261,0.2801162169022716,0.34940347873342803
eedbf46f-97d6-5559-bbf6-edfec8d6fb6e,"character, scanned data",52,51,51,4122,7054,0.011238185688853264,0.008695460971234841,0.1238211840391159,0.3943240672887934,0.47676856302452236,0.5372552589406377
e2cc6249-ff3b-598d-84b2-d85affaa4c59,"mythical creature, anatomy",14,13,34,6848,2840,0.014563538134098053,0.02810471316522179,0.1185283437371254,0.6754453374120509,0.7725507140986253,0.8760813595789089
916674f6-7b1d-5f0e-a562-8c27ed4cd4f9,character,52,51,52,8635,12548,0.013244599103927612,0.007943459404766774,0.12387010455131531,0.42439621792859716,0.4888831391081718,0.5720890492657101
fc5a25f2-ecbe-5b52-ab25-037ca547a893,"character, anthropomorphic",52,51,52,3640,5238,0.01813533715903759,0.010402491067697365,0.10692925751209259,0.37672010798876066,0.4847442267749851,0.5262109999502075
55602a88-ff5d-507b-bdc9-fd7a03b046af,character,40,39,21,12956,6050,0.02070106752216816,0.01845454586492408,0.09594201296567917,0.24394107063607304,0.3248460442252936,0.35313308974282076
8dbe0387-aa66-54b5-9c42-e81af7caa6ae,"character, anthropomorphic",34,33,21,5102,3126,0.05862753093242645,0.022525992699056155,0.07924352586269379,0.16547373506392865,0.27728876509271905,0.2952988871331616
08e4d408-f99d-590d-a6c6-aa78644b5429,electronic device,11,10,5,264,132,0.031585074961185455,0.00783495926298201,0.10796084254980087,0.1616161615823513,0.1908793819976452,0.36363636348484846
dd30afa7-58d7-5a8a-beb1-50444867e243,"anthropomorphic, toy",52,51,23,6568,8808,0.04609747976064682,0.025157871757350538,0.0818018764257431,0.2087764090255137,0.24798489538611573,0.3102079453510185
7baedcf7-a499-55a3-97e5-aa50dce00c05,"animal, anthropomorphic",33,32,23,2070,3331,0.0410609170794487,0.03220229925911711,0.09695914387702942,0.2708983897254468,0.33986991975375824,0.4435457284974365
5e7a9a49-19c9-5440-abcb-b56e3e315dce,character,54,53,17,3334,2462,0.013997197151184082,0.008407981699907823,0.08269835263490677,0.15538329449999558,0.18867657726985618,0.250660160525178
9f25f5f5-557f-5fc2-aeff-a4927ad05963,"character, anthropomorphic",28,27,39,99171,186920,0.022588161751627922,0.032547086578769945,0.10467849671840668,0.509681467105895,0.6151556431918578,0.675757004941226
5f7e1265-fb3f-5f1e-9170-1bebbb85fa3c,character,55,54,32,53373,54185,0.10442502796649933,0.027885260820767144,0.08623422682285309,0.17186493034565545,0.22207693607718323,0.25558411829661504
5650efa1-abbe-50ee-8fe7-b729e40756b7,anthropomorphic,52,51,23,11427,18552,0.05370538681745529,0.0351025530177614,0.09020097553730011,0.16178911033529697,0.21534170525757232,0.24249132220903571
e7707386-2e82-554b-8075-20e6d1953b42,household item,3,2,8,657,949,0.07903044670820236,0.13355696760118008,0.1495128870010376,0.4960866643872112,0.6326202445496046,0.6350629445483181
0f023f60-3fc5-5bb6-8d97-8871cc75273d,"character, anthropomorphic",52,51,30,5716,5976,0.020814087241888046,0.014191339948835473,0.09595011174678802,0.2725971805230594,0.3122216375516158,0.39073986956830864
3b6b298b-e37c-5d29-b84b-6b30bd6967cc,"sculpture, miscellaneous",22,21,12,1723,1164,0.14519064128398895,0.03807133403218662,0.06985236704349518,0.11225970900064533,0.232665898141613,0.27020101541292557
260cb045-d829-5da8-8871-74b9f3374839,"character, anthropomorphic",34,33,30,18541,32112,0.11771558970212936,0.06589011872808138,0.08815130591392517,0.17983417461212606,0.2883603652152557,0.3664771204650943
bc7d88ff-eaa7-5c6e-aa4b-c251e4fa851c,character,52,51,22,14145,23016,0.02524253912270069,0.012668855382468213,0.10275468230247498,0.19704557504672265,0.2798587538498063,0.2898330491359214
054774fa-50db-55de-bf93-a77fa2fe302d,"animal, mythical creature",18,17,22,2387,3122,0.04088443145155907,0.034331611336462876,0.06235956400632858,0.2989959743911383,0.5430264401003568,0.3709434051631231
b38eb44a-ea1c-5947-aa0a-8108e387a72e,"character, anthropomorphic",49,48,52,3374,3338,0.056422632187604904,0.010163170603426317,0.10526691377162933,0.20509304239357945,0.25439411109133425,0.34265356054209345
06fd3f6d-2c5e-56c6-b353-f59dcedaa2da,"character, anthropomorphic, weapon",22,21,32,10546,19356,0.0409584566950798,0.03128730676689884,0.0749070793390274,0.386455608987537,0.5068763030387741,0.5564025308004065
ec960fbd-ae94-530b-81c4-eddee828a3b9,anatomy,11,10,5,387,602,0.06705974042415619,0.020203148201107978,0.05082419514656067,0.30581938325042946,0.3387225545003638,0.41647849053526503
0be1eb27-1189-5b1d-b71d-193722d8403a,character,49,48,52,2790,2988,0.05937483534216881,0.007888209464279218,0.11543355882167816,0.20127846532315433,0.2790417663814269,0.34315030072791014
6abc3b69-f9c1-5095-a0db-ebebc3efb4e2,"mythical creature, anthropomorphic",22,21,25,6896,10428,0.22809137403964996,0.1023583059385419,0.12168474495410919,0.144821957390806,0.2207398711157719,0.25199215422039317
0fcd58c5-9b92-58e4-acbc-047e96e36d8b,"character, anthropomorphic",47,46,26,10429,12062,0.021711289882659912,0.015679818703434788,0.0666716992855072,0.24610336801495727,0.3221509198475271,0.3745479289496335
a6f2b890-a8e2-5f81-b266-49bb4840f12a,"toy, anthropomorphic",66,65,28,7964,13054,0.09601349383592606,0.031287482099807154,0.060859911143779755,0.12066195933446479,0.18507920965079042,0.22664193695659285
65ac25e4-e416-5bcf-9e3d-73aee9b63b56,"character, anthropomorphic",34,33,29,1825,3042,0.03645595908164978,0.022745425610176832,0.08165378868579865,0.3531244428946701,0.42032818042347964,0.4907753197043783
7a4753a1-42a6-56aa-80b1-c525c79c95d0,"anthropomorphic, toy",16,15,12,551,840,0.04826214909553528,0.030080250619600218,0.0515282079577446,0.2644818357788911,0.34190789971274627,0.4633923724190907
a9831d1d-f70d-553e-830e-0fc553bfa2eb,"animal, anthropomorphic",62,61,28,11268,20194,0.03496718779206276,0.013378445936333654,0.09422539919614792,0.12027275530220452,0.17468754786918234,0.23544739666130993
77417150-9318-5e6c-8add-2ee9ac34a3f9,anthropomorphic,7,6,6,626,952,0.10183034092187881,0.011352563897768656,0.07033613324165344,0.7302509741065109,0.8923853923025594,0.8315356832365212
61b41a47-04a7-59d0-923e-1ef93eda9c46,"character, weapon",23,22,22,6816,2272,0.09729376435279846,0.0340079022994773,0.08322474360466003,0.15538183324203825,0.30409147580109697,0.29393089600868344
36dfd87f-c759-5ff8-97a0-87fc7ce6d9d1,character,41,40,30,1784,3460,0.016423188149929047,0.009728641497592132,0.07165606319904327,0.3193168155266247,0.43122790242442216,0.47555194355569547
1b135af3-7358-542b-91fd-b53ad1043970,vehicle,3,2,3,576,504,0.051834624260663986,0.16272031826277575,0.09197520464658737,0.9068328445275874,0.9525904202791443,0.9507575757051404
54c57d10-6036-552f-a9b6-80af3f6fd1fe,character,52,51,29,74387,119536,0.022007174789905548,0.016256745310564494,0.08546561002731323,0.24656932682719554,0.31868144808595794,0.3636130287479019
ceb5c5b1-ecfa-52a5-8af4-f82fcb2795be,mythical creature,52,51,39,6766,10232,0.016858363524079323,0.010267525902376153,0.09260419756174088,0.30380114298261385,0.3796986199751928,0.46320441693386916
1b878a7f-567c-564d-8cf6-1f5f1968e034,sculpture,60,59,34,36022,58905,0.02546229027211666,0.016045018373166815,0.10214465856552124,0.13909885665225563,0.16994817144090657,0.27697963878920934
db02346b-ae79-5133-b22f-cca6c94d1091,"anthropomorphic, toy",22,21,15,2919,4652,0.06056573614478111,0.034323203439513846,0.053917400538921356,0.29389665447415014,0.41262258039743827,0.4679235356770933
dda1217d-3a06-565f-b46e-fac884c07cd7,character,52,51,39,19577,30315,0.03824785724282265,0.016189219325613707,0.10711102187633514,0.2140946740100371,0.27766536689517696,0.3678585857224454
b658ee19-c086-5051-8cec-4292f42fcf90,character,52,51,42,23626,39916,0.03072422184050083,0.011351964514081677,0.12005457282066345,0.2487124957911998,0.31193675621383576,0.40356248586580085
ab76f40c-3f40-5640-ad40-ac2600b9df16,character,71,70,52,17982,31026,0.03648931533098221,0.010360740122940535,0.10029010474681854,0.1267769267311482,0.1838712747753617,0.26418121942145667
d596b886-d3ba-5140-ae02-354c4598af79,character,34,33,21,3362,1864,0.04627080634236336,0.023069713619493303,0.0831194669008255,0.14423855954738032,0.2801345308409963,0.23333539419233218
c75b962c-4dc1-562e-b01c-2c0077b45314,character,58,57,52,7761,13009,0.012275920249521732,0.008008493623212697,0.09279394149780273,0.3158552705177126,0.3894538941093871,0.44187597842853216
3404cd0c-c434-5328-ab98-75a08fed7e06,anatomy,13,12,3,90,168,0.10722985863685608,0.03781260425845782,0.14320789277553558,0.006837606836847103,0.006837606836847103,0.07692307682692306
b2eda641-bb16-5133-b3c3-2b8375f0d490,character,52,51,34,6846,11224,0.013507953844964504,0.008679335532874307,0.10165902972221375,0.29089531978627486,0.33560133787012364,0.4348939091749468
324e12a9-f61b-57d5-aa8e-14519ac9ea6b,"anthropomorphic, toy",20,19,18,3728,5388,0.04668017104268074,0.0268755191225662,0.07733258605003357,0.5393735126316255,0.6326842397628565,0.5941348344873765
7be4b780-ade1-5fc1-9b16-7fab7245ab88,"character, anthropomorphic",34,33,34,1551,2602,0.019775202497839928,0.01827063301564468,0.09985071420669556,0.2745197156963314,0.32105071850343475,0.42542113407096804
118c9d22-0d40-5bae-9651-0bef7446be80,character,60,59,50,27378,34523,0.03472098708152771,0.014958814922720194,0.09409588575363159,0.2211701939161649,0.25106631363437804,0.35253906547999736
da0beda6-d498-5094-a693-7bd53794e6e1,character,52,51,29,9130,14911,0.05602855980396271,0.02345577456611048,0.10351172089576721,0.21733423915374983,0.25070687718968043,0.335780820070688
559af271-7ef7-5471-9811-feba862b1509,accessory,3,2,7,657,949,0.0819760337471962,0.10008004567186747,0.1500692069530487,0.5053233539473557,0.6406040195973035,0.6411383458895705
4c527583-a487-57a7-a5d0-5f37b015bc9a,anatomy,15,14,17,3930,4569,0.06111029535531998,0.03519263701951679,0.06881161779165268,0.548269209453673,0.6331962833455955,0.7063814872133647
48d04b50-c88f-53c5-95c8-e62a9f5c57f7,character,60,59,59,10166,14232,0.06716012209653854,0.01125469267905011,0.12212041765451431,0.1722447595591995,0.2296062885943552,0.26759027967018517
2512e0b5-82b6-596e-aebd-bcdd558e45ec,character,52,51,21,3650,1886,0.056101709604263306,0.02351581135631672,0.0817626491189003,0.15085060730169148,0.18756815697480447,0.2488228428824698
32c4b04b-4cdd-5ed7-9d63-85d3bca3ead9,plant,7,6,11,968,1173,0.1880994588136673,0.06107818043198098,0.06028604507446289,0.03397767557619463,0.15646258501565707,0.16322937617782154
9ecfe854-13a7-5737-82c2-5ef92d1e22a2,character,34,33,34,6094,5682,0.0106253232806921,0.009209062433322234,0.10810563713312149,0.43264905844580587,0.5420049147017052,0.576588476769607
0d5858a8-3c92-598a-b55c-27d2198fc48a,animal,43,42,29,12946,8718,0.044433947652578354,0.028152916640653437,0.12174081057310104,0.22685771750615932,0.29071567793024783,0.4362788846342177
cfb668fa-1c14-5bc2-a1b2-74b93587c4a3,"character, anthropomorphic",32,31,32,25093,20780,0.02267482504248619,0.0187708523881156,0.09396196901798248,0.4563394594364366,0.5589919834471293,0.6097634976587138
e377b3c5-3c22-53a2-b08a-9a3cc37562fe,character,52,51,48,13912,22374,0.037107452750205994,0.013763335752931502,0.11309219896793365,0.236216079230648,0.2787367812843721,0.37147536840843276
b7389d55-0433-5c58-9f03-66782abe7d74,"character, mythical creature",46,45,46,2069,2066,0.011464538984000683,0.008809297824842835,0.11822879314422607,0.3641127731856942,0.5794270822237287,0.5025105512765612
1ca11d06-fd48-57ea-a7c3-d54ce627d3c6,character,52,51,30,27404,13863,0.06996607035398483,0.021936541656032205,0.07489845156669617,0.13329986764395715,0.19700491682243967,0.24274999731261365
563c7f95-0a52-570b-ba44-a46ba1305002,character,52,51,20,7146,3564,0.04167134314775467,0.015896848181728273,0.08452342450618744,0.15221494768332638,0.17700119644696086,0.24682115217378067
42bc9d25-746c-5365-94a3-9f2dcbecb01b,character,52,51,30,21897,41270,0.05811268091201782,0.020183780851463478,0.07484392821788788,0.10745895243325435,0.1436770059349496,0.2119394363186739
60a472e7-83c4-5e61-8e64-7bf9822d97e8,"animal, toy",6,5,9,666,1076,0.18159185349941254,0.23870907511769068,0.1415633261203766,0.4832683560099225,0.5241315300214033,0.5389016896147227
30741faa-f839-5e9a-8161-56a600020649,character,58,57,58,8473,13877,0.011872846633195877,0.008026140622577855,0.09666489064693451,0.3387083285967303,0.4598387873668259,0.5006376225411119
a7752c05-8d54-5b40-85b9-5a6712426edd,"mythical creature, anthropomorphic",30,29,36,1167,1270,0.07029083371162415,0.04982576046798689,0.08167190104722977,0.3525437047191281,0.4910668201717007,0.536996680381465
350b9039-b5fe-5b1f-9306-9365c77e1477,character,52,51,52,10274,17696,0.031040476635098457,0.010457298308700467,0.1273551732301712,0.2980552683595573,0.35038384926724925,0.40380361771412604
f78c417b-1f3e-5736-828b-0fad6e86353b,"character, mythical creature",56,55,28,36409,55050,0.02194562926888466,0.017420253699778447,0.08357258141040802,0.2152816741142486,0.2621811357969546,0.3431096753771595
da36f032-3d4b-5bb1-83b6-c2f4f91b473b,"animal, anthropomorphic",42,41,27,2881,3258,0.07380279898643494,0.06711429812841946,0.09370377659797668,0.1553813069899785,0.2794603578083229,0.292372145689458
45e4a070-ae1e-5bf5-a1c9-5fd988ad1694,clothing,16,15,14,1109,1247,0.20985615253448486,0.15718937179605877,0.12088718265295029,0.027090901926551433,0.0884379683925396,0.12173861152180483
7d481eee-8e54-5b4c-a127-fcb7f0097610,character,34,33,19,1326,1704,0.015988077968358994,0.008056144916305416,0.06911231577396393,0.2811812826452566,0.3130558470767381,0.4237151446787062
f0659240-5f7f-5f39-854b-a972f50666c6,character,50,49,51,10578,18568,0.03179669752717018,0.01583867435749876,0.11891575157642365,0.181971190737308,0.2588987953314526,0.33051876905569755
f949f254-c243-5b51-9b28-7ac8020a21b5,"mythical creature, anthropomorphic",46,45,26,28636,14488,0.04337906464934349,0.018174914875999093,0.0687774196267128,0.1258784661248933,0.1865725278166341,0.29974491185109015
580cac6c-d3bf-5af4-8e3c-fae459b3cd0b,character,52,51,29,27402,13863,0.02460138499736786,0.015972259825753884,0.0863991379737854,0.23033600717431715,0.29213494060646783,0.3244255271603235
5b84b3be-9c8a-56dc-a7ef-fe966f43a758,"character, anthropomorphic",52,51,52,23325,45342,0.013822725974023342,0.007875997709701411,0.13425227999687195,0.2787914911939388,0.31526173943813585,0.3845887073236472
c2129191-0e12-5ebf-8f13-5ac40d093f11,toy,29,28,32,40625,69384,0.0919758528470993,0.0347925306414254,0.06564076244831085,0.08383633762469098,0.19030244975842364,0.1747250173343288
f43dbfd8-2e43-509e-abf8-1b7de05ae312,character,33,32,36,9290,4696,0.01974424533545971,0.01379675439643001,0.09207978844642639,0.43215607694363667,0.5798808124995041,0.5944741125883382
e2a8a8bb-2a41-5fdb-829d-5cd282149e57,sporting goods,54,53,31,3262,5437,0.045965589582920074,0.02676070987006589,0.08049702644348145,0.18391402413697552,0.2556995686577281,0.3400022695279874
9890225d-4225-5ac3-b6d5-8e47a89b4a77,"anthropomorphic, character",19,18,20,285,306,0.050272077322006226,0.03480163812637329,0.07796961069107056,0.3900674705965558,0.5461333703316624,0.5494734582881492
4d4e06ae-411d-5727-b122-a1a27b9e8312,"animal, anthropomorphic",46,45,44,2027,2844,0.17066295444965363,0.06437341888985512,0.09695795178413391,0.13050592510143852,0.19873976669038776,0.24412863013063274
2a986b2f-87c5-5b74-bfe8-1fc5d1cc680e,character,34,33,40,23589,14808,0.05589338019490242,0.02736402176669799,0.0803816094994545,0.31897653155418615,0.3669105974868594,0.44189192041635234
466003a7-3ce1-526a-87cf-70f74a6b9772,"mythical creature, anthropomorphic",20,19,19,1398,2074,0.1536536067724228,0.08243169645337682,0.08682622015476227,0.27395556883799466,0.3491859585644617,0.32116403424464657
99e855bc-82d3-577a-8c1a-6fc8a831e289,accessory,28,27,28,9078,12984,0.012450638227164745,0.01005179452061254,0.07646240293979645,0.5821428371502425,0.7057730971669613,0.665424176473332
aa206538-af58-562d-8f0e-0866cc887825,vehicle,38,37,42,12466,6460,0.1214631199836731,0.046253861427041035,0.1733403503894806,0.20988793761773247,0.322641215263766,0.3081932131548692
9c07fe0c-7326-5e0c-a9c6-8a519e1a432f,"anthropomorphic, toy",28,27,19,4822,7484,0.05794968828558922,0.04283878696151078,0.08058538287878036,0.06351946130146753,0.11738308372721082,0.15700842741974882
c7390d3e-16b2-556c-870c-a0f13d7e370b,"character, anthropomorphic",14,13,23,19501,27722,0.07184028625488281,0.021261281131402306,0.07253150641918182,0.2764430680795098,0.5874816206993665,0.4185926397923463
c629cac5-19ac-58bd-b93c-5da046bf2085,anthropomorphic,28,27,21,39164,73560,0.040766846388578415,0.011460641742728296,0.053387291729450226,0.2639972695998679,0.35134588347842627,0.46850511564959274
232a2e1c-089d-5f9e-88ce-e70929a75bc4,character,52,51,31,33342,54040,0.09382928162813187,0.027138303634860823,0.08242988586425781,0.14704634184918502,0.1955805642325528,0.22519219614377603
c5159f04-16ed-5953-ad71-e0bb197df896,"toy, anthropomorphic",22,21,43,4497,6246,0.037137895822525024,0.04229647848419412,0.0816565752029419,0.42986693952877497,0.5766798695408067,0.582746143218828
1a034dbb-e87e-5c42-b285-6b5ea4acadc3,"character, anthropomorphic",28,27,21,1004,1160,0.03725084662437439,0.02495559474586376,0.07624588161706924,0.30759499852769845,0.3689312080419432,0.490566406179654
c7cd660c-2775-58c6-ae75-06c855092beb,"character, anthropomorphic",34,33,33,1825,3042,0.01701158843934536,0.013567973147005294,0.08454744517803192,0.4089274856538253,0.4991292494141312,0.533038239229972
e1c90819-be08-5a7d-936f-63a9f15a8a47,anthropomorphic,15,14,25,6780,9734,0.03080384060740471,0.03981036991812289,0.07779654115438461,0.39548542670512704,0.5642854200051561,0.5638986434165245
8e256e7f-a9db-5b9a-80f8-049dff9b57a3,"character, anthropomorphic",52,51,32,37173,42983,0.13435453176498413,0.045770584998535924,0.08982087671756744,0.14105698795938484,0.183259633525012,0.2045131456391503
8a64aa4f-9ed5-5c83-8d81-e5ef81bb0e52,character,67,66,17,3582,1914,0.020201995968818665,0.00818128847544465,0.07896754145622253,0.0903658630638597,0.10992267591959466,0.18465698429371427
ac680575-fb69-5081-ab7c-4878242d2b0b,animal,8,7,8,1413,2084,0.12475953996181488,0.09877312299795449,0.07826992869377136,0.4946409411779722,0.5683498275078458,0.6295024448212373
71a21229-5a2e-53d4-b5e8-a95776ce4e8f,jewelry,3,2,4,597,955,0.029383065178990364,0.07182303280569613,0.08342678844928741,0.8195813921831037,0.9269831649166017,0.890467171661204
b692af45-2f1b-5afc-b81b-d4bebcdff42c,animal,19,18,19,5294,4706,0.14966195821762085,0.11255757309692471,0.14915499091148376,0.06251059720064626,0.2033169271143111,0.10900695449492843
1845ba4d-1fa3-579f-9a9f-23d714b39fa9,"anthropomorphic, character",22,21,22,2289,3670,0.15016251802444458,0.08819833796852353,0.07903741300106049,0.28830320036046464,0.5290051890771066,0.40762784521411594
b69dad9e-b2e5-544c-a2d1-c42ba15c5abe,character,52,51,52,7710,12937,0.014820526354014874,0.010110344617435029,0.0848345011472702,0.369641600653375,0.44828461160283906,0.48346981065374395
88459988-50d0-53f7-aa35-10bbbe6d356d,"character, scanned data",52,51,22,15998,28113,0.012175646610558033,0.010957730791150507,0.08667811751365662,0.22464717132799852,0.27207614176017636,0.2944056342456287
4e608e7d-c47b-5214-bc03-7bd788418ca5,"character, toy, anthropomorphic",22,21,32,24298,35264,0.04638998210430145,0.02611828460067045,0.10310832411050797,0.353949660891095,0.5791509023129788,0.5143652138036247
8da3a5d9-2b50-5c60-9805-e9101c1642c5,mythical creature,52,51,38,24651,13208,0.06661417335271835,0.024879863191592067,0.12678301334381104,0.21570864389617841,0.26757686986584955,0.35452873350964287
d02f724e-0de3-5a0b-b6fe-6bff2fbb6e4b,"character, anthropomorphic",18,17,20,839,1168,0.011101143434643745,0.0270261235331418,0.0732482373714447,0.6696422383741844,0.8081156015500826,0.8119470031353693
6e6920f4-4291-5bd6-9259-dbab3e770683,animal,24,23,37,1798,2610,0.05106549337506294,0.05384590564220137,0.10967978090047836,0.3740948183525655,0.4870924582802707,0.5466742952249356
91ab02f7-18ba-5060-8491-71d1b35a2c16,"anthropomorphic, electronic device",29,28,41,26490,41972,0.20193971693515778,0.172847809724328,0.14468923211097717,0.04474313929855143,0.051517058698973724,0.10923635395475842
1da257ad-e8ab-5e53-83ee-293d665688f7,"character, sporting goods",18,17,52,13284,15460,0.028291473165154457,0.051385521773436964,0.09979868680238724,0.6688972772472891,0.8244162204888033,0.7826042978244308
f0f27de6-1932-51ec-9909-8edc007570d8,"character, anthropomorphic",4,3,3,194,276,0.32838404178619385,0.3741442660490672,0.1980777531862259,0.19248516807592167,0.34451219502998137,0.3479729729194108
b6d07d37-2e25-5d3c-a450-c1d9b9a365c2,character,52,51,41,15038,24114,0.03152040019631386,0.01309244723979202,0.11431880295276642,0.28345161281402115,0.33035857643885697,0.4360118264544924
d90d625e-efc5-5bf1-b902-69840aebbccb,character,22,21,23,5403,2564,0.0506168007850647,0.03197011381954602,0.07896509021520615,0.37900600858588757,0.5617879803682274,0.5482641612394695
3e54ad40-4d12-5694-86ff-aa95dff0b646,vehicle,5,4,5,17730,19362,0.11639247834682465,0.14123700708150863,0.1326623111963272,0.18853820562350257,0.3939927978257768,0.2504124826146292
43c7f5fa-98b5-5d6d-9021-ea4b29611a29,character,45,44,52,10024,18220,0.02492169477045536,0.014703056094451593,0.09336403012275696,0.4633343338720087,0.5632391226372744,0.5857842014013583
0554856a-2635-5107-b8e8-a9b141781769,"character, anthropomorphic",46,45,28,17964,14615,0.1156490370631218,0.04216371745756727,0.08188553154468536,0.1173799308318795,0.18137109425620995,0.21688722995182327
0e7035a9-82f3-50a2-b15f-e63cf6b70b4a,"mythical creature, anthropomorphic",35,34,29,10246,8242,0.05781727656722069,0.036078215673052035,0.07789535075426102,0.3633067576204988,0.4619821505171601,0.48525656640446896
a359749f-0362-5996-b1e3-35ebfc6b7e47,character,6,5,18,7854,10181,0.05057871714234352,0.09747608792450693,0.1154974028468132,0.3912132529612582,0.6186374424647867,0.5667788890330763
334b4d0d-081e-5724-aecd-f4f01a3d89c0,household item,6,5,4,655,714,0.08166273683309555,0.08331781276501715,0.1399204134941101,0.1655681709160898,0.2883588914333353,0.4071716026795614
05fab087-3fea-53f8-85cf-aa03c2e3daf0,"character, anthropomorphic",46,45,21,10756,19194,0.015559835359454155,0.012905133045500233,0.07319381833076477,0.2638880374780751,0.30140153716536533,0.3564797537300808
f0bca667-3935-5a4a-9b3b-802266b647d2,character,70,69,22,37220,60092,0.019481826573610306,0.009656797475393185,0.08465272188186646,0.1830431869869869,0.21264535059769768,0.2585740159155216
643dbe1c-0b26-54e0-a749-9b6ef60652bc,character,34,33,20,8260,4182,0.026132499799132347,0.010308905993588269,0.07394281774759293,0.283334172223462,0.33225515964962693,0.43555980775089753
313f9357-c808-5890-97e2-0edd27c25b83,toy,11,10,15,4132,8162,0.06235428899526596,0.04130143108777702,0.07429235428571701,0.4681899269221849,0.5930150112414473,0.6192648398037435
c4f8f7f0-d4ae-56dc-9257-e1b7d13852e1,toy,22,21,20,1583,1988,0.054081112146377563,0.032370556972455236,0.05624641478061676,0.3955517655039755,0.47220873860746737,0.5391693827512822
266819b5-8691-50bd-8fe9-dc86a40cb0a3,character,40,39,52,24243,24276,0.01255710981786251,0.010281532304361463,0.09929528087377548,0.48252548664857303,0.6422769145986157,0.6238938872626122
aa451a85-31ac-5ca3-b416-81a1fdede8eb,character,24,23,22,84142,94320,0.04508420452475548,0.025465628851882437,0.05683308094739914,0.33426239672837627,0.5485386854716706,0.48233949997660697
484dae85-f16a-5175-8290-7bf8f8d8c56c,"anthropomorphic, toy",28,27,23,16027,11025,0.06575928628444672,0.039792520459741354,0.08526550233364105,0.2985328000931068,0.42333047668133583,0.47792087487540824
cde113e2-d9af-586d-ad10-b1794a22c7fb,character,28,27,46,12653,6748,0.020861659198999405,0.015779286390170455,0.11334043741226196,0.47215800537729546,0.5895867449708322,0.6305882125721098
c074f8e9-dd21-550c-a66a-e52871079f6f,character,49,48,24,47484,88547,0.08477741479873657,0.025476308190263808,0.08515548706054688,0.08810176531512533,0.1862777614178823,0.19212330756860416
ac9aaac1-feec-5bd2-b019-5dac39c1d473,character,63,62,53,38078,71388,0.039091095328330994,0.010784196919972464,0.10866512358188629,0.20892861223218498,0.2455170473103451,0.35443783981211285
f8d8e9cf-baeb-5662-9ba6-6fcf3550609d,"character, anthropomorphic",40,39,31,172391,330006,0.09260871261358261,0.022759252791142753,0.07246334105730057,0.17372157310547295,0.21255585394287646,0.29630903247607365
4e8768c2-2882-5b88-a29d-bc6fabb7f07a,"character, anthropomorphic",19,18,22,31104,51827,0.028447898104786873,0.021594038444825193,0.06313580274581909,0.33563621645861186,0.4685275734197283,0.5539239123802167
f02079b0-32ec-5416-9f58-4eae38a4abd3,"anthropomorphic, toy",52,51,29,137446,233860,0.05201037600636482,0.022388984718167318,0.08637632429599762,0.20315010499616903,0.2672067808977502,0.3327697902837649
d269b03b-edc1-59fe-b88b-23162314a239,"character, anthropomorphic",29,28,18,1305,1928,0.037723980844020844,0.025365382517015353,0.05857401341199875,0.2731146986384727,0.36921838154472486,0.4061517405460005
614f07bf-ad35-5211-8f26-37aab6868868,character,18,17,19,957,1257,0.0283820703625679,0.027853382086552875,0.06873765587806702,0.6578557670195989,0.7415151848860947,0.7677930367548826
2936cef0-870e-5942-a111-fffa8ef36330,"anthropomorphic, toy",52,51,21,28929,18316,0.03353780508041382,0.02653385341233973,0.060843974351882935,0.1223269456515909,0.16068709801061257,0.27644179155637766
ef899b97-e43c-592d-b672-21657977f5a2,character,52,51,52,19411,30030,0.027649283409118652,0.009543918503018526,0.1258128583431244,0.2461112515652143,0.3230177815153177,0.39933205050308385
8bdbf5ca-64d7-5db1-9c14-04d01b68545f,"character, scanned data",52,51,36,30624,50161,0.03309067711234093,0.013643406111643545,0.11702418327331543,0.31537682374722176,0.3603634905145928,0.41728495486299494
1c7bf9c7-25c7-53cd-b45a-ad8aa520a476,character,28,27,21,7516,11320,0.014869088307023048,0.011714198515706119,0.07521377503871918,0.46190186151988816,0.5503620293357342,0.5733106818866054
efebac99-0c8c-5036-87ea-622382c0f982,mythical creature,34,33,52,9834,14808,0.018256088718771935,0.016744922277911637,0.10845237970352173,0.49971493184681476,0.6203647790400532,0.6336998366255638
c1693cec-262b-57d4-8f31-9b3424a9059e,"toy, anthropomorphic",28,27,15,19043,31546,0.0696459710597992,0.05687310622694592,0.0523952916264534,0.16785862119194164,0.237849390568093,0.2828045130542617
3b23942f-fbf4-5efd-a5b0-ec0695152d1f,character,52,51,21,14388,23370,0.021202724426984787,0.01395726601947986,0.08921723067760468,0.17182464107544754,0.21465584460293266,0.2671928273490512
0a02ed99-55a3-5445-8777-a53107b8f2aa,character,22,21,23,1173,1646,0.09551790356636047,0.026411473538483613,0.07092034816741943,0.3860854965742467,0.5194486853746326,0.4866604861646505
609b65bb-6357-5926-a3e4-240ae80b99d6,"mythical creature, anthropomorphic",52,51,46,71578,126150,0.03662708401679993,0.01596905458111154,0.0965762808918953,0.2195876335521485,0.2948730843656753,0.39850978023483236
0e2dac98-4801-59b9-a224-17123b2df061,character,52,51,28,21912,11208,0.01426242757588625,0.010831436698416448,0.09279029816389084,0.26599652543006624,0.3112246564140715,0.3804632811426076
68649d56-6965-544f-92bf-733dccbeb530,"character, weapon",52,51,30,139800,264424,0.13316874206066132,0.028994723706273363,0.09406574070453644,0.17709477896563422,0.2229541576761699,0.2522920764027788
754bc733-2a61-533d-b0f0-fcf1f8468751,"mythical creature, anthropomorphic",22,21,32,5420,8082,0.030825169757008553,0.04497525246551959,0.06465035676956177,0.43824041755219045,0.535678576398625,0.5885437473652583
79205df1-0157-54c0-988c-578c6f9b5917,character,22,21,17,5268,8533,0.01868882030248642,0.012214555774870165,0.07696327567100525,0.48620954680137224,0.6818673493268583,0.6047192283747068
1f0c9480-6d0b-5419-9cc0-1069540e8d7d,miscellaneous,16,15,6,2257,2808,0.06782727688550949,0.041876010208701096,0.06275931000709534,0.0912204419387067,0.10889379231841481,0.2911041943877234
8b204997-c680-52f8-93f5-23d3675e3b30,anatomy,20,19,16,10234,18572,0.05274657532572746,0.022807312838267535,0.06079642474651337,0.3363911916066281,0.438809810451321,0.5354497407957921
daebbd86-441b-5878-a17f-523480b7c29b,character,52,51,51,30624,50161,0.012180840596556664,0.008569183543680565,0.13217443227767944,0.3746469564875202,0.42738234347803555,0.5202696279279714
fc589a9a-6a05-54c3-8458-974e05fba992,character,52,51,52,20388,37004,0.013325033709406853,0.008700411169019599,0.1081002801656723,0.33426616289778904,0.394471507016194,0.49072762356672917
e14583e9-d364-5979-a721-86eebcda62ab,character,52,51,52,16675,28360,0.013993595726788044,0.009525982490651166,0.10302408039569855,0.36749952378653233,0.46174265828597844,0.5114095839843977
d3088225-ff03-5f5c-8983-2c78e16df478,anthropomorphic,28,27,15,2217,3732,0.01527425553649664,0.010786559681097667,0.0627049133181572,0.22396122723116815,0.3097222807522064,0.4291051216119094
9ac01f9f-959f-5747-b17b-b74d7356cb01,anthropomorphic,28,27,22,11932,15876,0.04634949192404747,0.017586421703030777,0.08494381606578827,0.19066302509088068,0.3065248765794588,0.38128516368367
fa41b2d8-42d7-5afb-8b7e-0ca58656ff00,"animal, mythical creature",35,34,20,3770,5612,0.0279044471681118,0.011702138278633357,0.048866771161556244,0.1983236677929663,0.24958673384196686,0.4204912678081635
d9085619-2b05-5374-9ce6-b06b4a605351,"character, toy",22,21,32,4558,6518,0.05528251826763153,0.07357186351146083,0.10081128031015396,0.43039215219027827,0.5734730022630221,0.5988018224454321
fcfef586-b349-51fd-91a1-7c4562e20542,animal,35,34,35,5492,6541,0.01529154647141695,0.009898094922703292,0.0681329146027565,0.6760970553529296,0.8038647073726908,0.782950964914406
1dfc6531-ccbd-5782-a849-379175bd9ae6,character,26,25,17,2072,918,0.023026444017887115,0.021623016622684458,0.08081135153770447,0.3693565470822978,0.42428157221629115,0.5273021813452949
fa81b94a-0f6e-5e9c-830c-2be362f9f2dc,character,52,51,41,18574,31290,0.047196049243211746,0.0191586913495529,0.14084504544734955,0.18188673910948414,0.22025726856343686,0.3340300883363149
511c2ff9-ca34-5929-819c-2db73cb7bfaf,anthropomorphic,11,10,24,29118,17350,0.06154424324631691,0.08377639978425577,0.11302272230386734,0.40846547595447863,0.6092385235128421,0.5521456781788795
3a7347fa-cb7c-5795-b3f9-9fa42848cb71,"anthropomorphic, toy",28,27,19,5604,8988,0.06394681334495544,0.04559556950851785,0.04509799927473068,0.28414384400429554,0.3545108322592408,0.39514466660782394
b839c5b5-20eb-5eb7-ae80-e1fee6b0250f,anthropomorphic,52,51,25,32795,50660,0.05949694290757179,0.012395633153500967,0.07252869009971619,0.1468722100770332,0.20225933982911024,0.24470777775746777
2b57206e-a017-5ff2-9874-4fda5f6ad610,"character, scanned data",52,51,52,27127,45910,0.012133827432990074,0.008737130522674236,0.10678958892822266,0.38920531178855555,0.4450013121121866,0.5154491271721693
f2c27fd2-eb35-55c7-b1f4-9e53eac78197,character,52,51,21,28292,51704,0.014680981636047363,0.012087573205852615,0.07915207743644714,0.2564205721135426,0.31672553822597715,0.3298218357179851
bd25e82a-1f62-5199-b2df-1d84320a6d62,food,5,4,3,246,400,0.06347217410802841,0.021164951690783102,0.04896596819162369,0.24370243510946726,0.4200913238823487,0.42361111081856234
9cf06f26-c3db-5d05-83fd-11fde834c684,"toy, anthropomorphic",34,33,34,20478,36836,0.11159072816371918,0.05472019191845046,0.08466984331607819,0.19360305618011123,0.29805203607799796,0.36911847965888644
3f1e23e8-817f-5f66-956b-fc169db1e925,tool,3,2,4,632,404,0.058623552322387695,0.12191531201824546,0.048697520047426224,0.4680116732187827,0.6887926887504124,0.6706349205717584
0f4e6342-456d-54fa-9126-197546e5f65e,"character, scanned data",31,30,52,17628,30184,0.055929817259311676,0.016730101804848976,0.12660318613052368,0.38427057455985275,0.46004578587837613,0.5248466108812582
a2d4115b-0af5-599e-8756-57027c6a85a2,"anthropomorphic, toy",22,21,23,5421,3030,0.08979540318250656,0.027348550431349355,0.0773424431681633,0.23937363537345355,0.40736483134014684,0.4654799059479089
0f22459d-6c47-572a-8adb-1f870c34d19f,character,34,33,22,7764,13056,0.01688653975725174,0.012971424910409207,0.07218170911073685,0.41590851626908204,0.5003175656009211,0.5328905799512718
2dde2aa1-3693-5e09-b24d-edc797b3c1ba,"character, anthropomorphic",19,18,28,7052,7590,0.057205796241760254,0.04533724394527131,0.08328718692064285,0.28565162049321513,0.42674870660438335,0.5565716488062863
0de50b22-9c62-5734-8e55-017c76a49269,"mythical creature, toy",30,29,20,1149,1890,0.08554351329803467,0.05311055311467498,0.08323341608047485,0.1944162789246059,0.3142396676841026,0.3646782642388298
f85c2321-4f96-5461-a82f-f29f2cb26524,character,52,51,53,28307,48118,0.02671593613922596,0.014224705219330301,0.10331332683563232,0.283805562750403,0.3330292824282831,0.42068935408578934
ae388366-ca77-53f2-afb6-dae66e5299e3,character,28,27,28,13961,19761,0.11180807650089264,0.03596625244244933,0.07621173560619354,0.24407805914834174,0.34153580035470327,0.4054757263067534
b650ed8f-7bc7-55e9-b1c5-04e5819b225b,vehicle,28,27,52,2889,3630,0.035211943089962006,0.020645454284161903,0.11894936114549637,0.35925134251476676,0.5039371214314481,0.47900522351512675
249bf1bb-4629-5018-8860-2d0b13998037,"character, weapon",51,50,34,9356,16276,0.030390417203307152,0.01270046945223037,0.10208867490291595,0.23553950472511168,0.2984815830039214,0.3726436059161097
1333323f-305a-5b9c-b934-79d5076ce260,character,28,27,49,13445,22588,0.009008591063320637,0.013168641882806028,0.11140958964824677,0.5743724527878324,0.7165625420419465,0.6999308858628351
3938ed59-b8fb-58f7-a86b-ead0d2daba08,animal,39,38,38,75198,129688,0.10203853249549866,0.027234592084393005,0.0956510379910469,0.3799656299651541,0.43193729222349364,0.4732032177223968
a130efc2-aa1f-59d6-aa41-c769358855b0,anthropomorphic,52,51,22,15400,27407,0.035932574421167374,0.018981187427098947,0.07450281083583832,0.21073917546712126,0.28036215054474795,0.2905129347349137
426356c0-431a-56c1-9f71-ff5b079c072e,"character, anthropomorphic",34,33,52,3264,5040,0.01340965460985899,0.010839358365046792,0.11341678351163864,0.4455283723310982,0.5739405501895858,0.6130754294181373
16701993-d6be-5918-bcdc-53c023a16113,electronic device,6,5,16,1849,2966,0.0639123022556305,0.11716844461625442,0.1018841564655304,0.2974553931136278,0.4043340719043462,0.45305875669743284
b788e1bf-ff8e-5299-8eee-bb0acffff613,character,40,39,22,9357,16482,0.021648216992616653,0.011854549092028967,0.07426561415195465,0.32966144681449666,0.37767926334123586,0.4533974292437229
03e48625-5133-5d50-b7cf-21cfe62f92a2,"mythical creature, weapon",47,46,34,1998,2210,0.05482073873281479,0.027132999889812815,0.08604356646537781,0.18581155608414865,0.2780894272181627,0.3397667552856296
f5750349-e3fd-5697-aa3b-39830084f37c,character,52,51,52,6631,11202,0.014082781039178371,0.010401482273524519,0.09377162158489227,0.33593667176269576,0.4104085108221333,0.47419035513051894
03d55059-555b-5d94-a13a-589e7a3d87dd,character,52,51,28,27740,50562,0.012430654838681221,0.012167859664519451,0.10752952098846436,0.2843923484517744,0.3380661069183281,0.38425518847268286
8546bf56-c522-5663-845c-58aa7b6a1fd9,character,65,64,52,18043,35936,0.015545625239610672,0.009453115669132855,0.06973062455654144,0.28991333868617,0.39055537867660356,0.4658744658093821
99d60a4b-5f2c-5baa-9a15-5aa5b5aedf4e,"animal, anthropomorphic",21,20,18,1044,1556,0.0906459391117096,0.052078539298640356,0.08044224977493286,0.2341570651887953,0.4045922338812003,0.377938498255347
e2fdd098-5f18-5f82-8aa1-90b1318c34e0,"character, anthropomorphic",54,53,28,4534,7354,0.029162904247641563,0.0169243853639013,0.09796763211488724,0.23604627854316304,0.30090447602395876,0.34006379451209934
c77dabfc-09c0-5dbf-8fd4-8885f2800b27,"character, anthropomorphic",34,33,34,2815,4128,0.015797864645719528,0.014025676310719812,0.07406725734472275,0.4077381615800351,0.47752641781795246,0.5570100374332196
6f32ea64-0c97-524f-b574-c829627b6a8c,clothing,43,42,52,9913,17193,0.023440390825271606,0.014101087482861029,0.11235269904136658,0.42076730715965127,0.5394942372757869,0.546140028817046
49ee0784-deb0-5011-be41-c7e86eadcfad,"character, scanned data",59,58,51,4241,7367,0.012796087190508842,0.010113490784230331,0.11513269692659378,0.3395736474702005,0.4367020193720736,0.46584889146050823
d0933715-4af9-5ff7-947f-bae67da3368b,plant,52,51,24,35568,56002,0.04952580854296684,0.019018127388941746,0.09541979432106018,0.24805727279236167,0.30405034357306365,0.3288759524268433
82acd801-4128-53f6-b2b6-45db22a8e33d,character,52,51,50,22026,36993,0.042761825025081635,0.01785912023857236,0.12588399648666382,0.25423095764289844,0.32893434774618974,0.3924814127089081
97edac25-50d7-5f8c-be39-13a5f1c47735,paper,4,3,2,408,388,0.24781808257102966,0.11184035241603851,0.20209169387817383,0.062499999996811224,0.09074074073401919,0.1113636363535124
78a395bb-b0a2-5824-aae3-0ed72c8464ac,character,52,51,53,8707,12923,0.019065598025918007,0.01043488690849253,0.1219024807214737,0.30806025498746714,0.37689456788146153,0.41376368692523163
35866d07-cc6b-5f95-b702-c32a56446325,"character, tool",34,33,28,5623,6942,0.03841888904571533,0.017384868930093944,0.077609583735466,0.34623982006915033,0.4515353339870035,0.47172559695659766
5724babd-0fdd-5258-935c-841b00f468d3,miscellaneous,6,5,8,2232,3848,0.16650663316249847,0.140839621424675,0.11859183013439178,0.3712889248406869,0.43062531544858407,0.523278688511301
6b0cb048-212f-54ee-80d0-d7e92275518b,character,52,51,21,4371,6037,0.020480958744883537,0.017514427009570812,0.07916158437728882,0.20480139803242728,0.2551768779755109,0.2812250088861511
dd9570c8-8a53-5076-ac6e-cdf4a1fe290a,mythical creature,18,17,11,1367,2658,0.07771385461091995,0.06273445402356712,0.048121899366378784,0.21123440073986818,0.30451051891840636,0.39420497903632074
6e41b3c4-abac-52ee-9715-84f06fcac46f,animal,37,36,20,9234,10448,0.057825274765491486,0.032625197502784434,0.06601226329803467,0.10331865884249498,0.13391768339519325,0.2780618441433747
c4e6073d-986f-53d0-934b-6649553fb68d,character,28,27,22,159201,299780,0.022644564509391785,0.01611706979615106,0.06627444922924042,0.47866355624746293,0.5895016904425279,0.6070415713334273
59c5baa2-1083-579c-bd5d-3ea99b8d70d1,"mythical creature, anthropomorphic",65,64,33,5112,7248,0.07446412742137909,0.04232118662559625,0.09243881702423096,0.09564204288950671,0.16648074025971493,0.19441661395294882
16eb9163-cc07-5e1a-8d28-d1709ea32a2d,miscellaneous,7,6,21,4357,8090,0.07604796439409256,0.1054671610805339,0.08610619604587555,0.30416409175177833,0.6734974411994017,0.5916486865130077
cb03bc3e-6734-528e-81d3-7b813531b572,mythical creature,14,13,14,22384,35952,0.05047205090522766,0.038441467231937816,0.09419238567352295,0.708293631443808,0.8058223930112094,0.8120029957779645
dc96d428-6f29-5353-9343-fea6d2771a19,"mythical creature, toy",53,52,19,1337,1860,0.04778549447655678,0.03502644681812901,0.07565999031066895,0.13858645649760368,0.17752524153025764,0.21581470011857468
45c45e54-0064-50dc-9502-a5baa5ff73ee,mythical creature,9,8,21,4888,8349,0.07786010950803757,0.04348756492670093,0.10149361193180084,0.13443866184501543,0.3398055928592742,0.3734698502924921
3b573c8b-6696-5f57-af89-267479386e1a,"mythical creature, animal",25,24,25,2424,3547,0.05096137151122093,0.030111642777919768,0.11643968522548676,0.42068181392606674,0.5338215361191041,0.5478551930231125
735fa196-7f37-592d-be9f-96ece261df2e,"character, mythical creature",28,27,18,2138,3488,0.016896359622478485,0.014555955111669997,0.07633467018604279,0.41126498258473776,0.4611784239445397,0.5495840502366107
2c861880-e066-5f53-bc53-f6cc17cfff9a,"character, anthropomorphic",22,21,44,39160,73460,0.08805280178785324,0.05624642495637421,0.10118110477924347,0.22913455426849508,0.3527753195468455,0.3469148346822419
6c669f59-5008-56a2-a22a-a6370d418cb9,character,54,53,36,23987,40099,0.01871815323829651,0.0123581801227475,0.11202120780944824,0.25235204257894733,0.28733841435370727,0.3839069386276581
4b7b950e-a61a-5a7e-adf9-88413d3be5f2,"character, anthropomorphic",52,51,17,2473,4370,0.04344621300697327,0.03627649741247296,0.0526718944311142,0.1252567960407429,0.1701449048271686,0.204927674735027
f02db93b-99ed-531b-b2e6-07f0e0201b55,character,52,51,22,20560,29392,0.022167367860674858,0.015847399703819643,0.08670037984848022,0.21739833049464327,0.2552138325499874,0.2763677821067119
f69e0a3d-7ab6-5f6a-b8c2-fe705007e72f,animal,80,79,42,4980,8676,0.022493883967399597,0.011928354381650155,0.07471376657485962,0.145899168759548,0.2017314943564068,0.286434540705881
31311dc7-6a0b-59b1-a610-ba8a7f4c99e0,"mythical creature, anthropomorphic",30,29,25,1740,2078,0.038125406950712204,0.01583358475007117,0.047311700880527496,0.3162121012684635,0.4513167412569036,0.4677485675465486
f06bb96a-8da9-5258-a84c-eeb4a3998f89,weapon,8,7,5,2274,1732,0.15170921385288239,0.06632647886872292,0.18144342303276062,0.12538030627049368,0.20708542797528218,0.2114110929693755
c5479604-b130-5c46-9398-f865102d7662,character,22,21,23,19448,25192,0.01502860989421606,0.012170426340004347,0.07158586382865906,0.6712137716941112,0.7837141260248004,0.7789554397255521
1bd786d3-4ad2-5a8f-89f4-ef2ae734f8da,toy,28,27,34,8437,13255,0.04818561673164368,0.04055295546148794,0.08019974827766418,0.3950103020012548,0.5437685257320554,0.5758280490414152
82daecf0-6b57-5ddd-bf48-d9b8c7ce0ea3,"mythical creature, anthropomorphic",37,36,28,1395,1592,0.09817050397396088,0.02731710797109242,0.08697495609521866,0.21027851200053427,0.30641567688754545,0.3061157978958285
14829385-747f-5ce3-ab78-acb3660b2d41,character,58,57,55,11109,18339,0.019740795716643333,0.009564480955437334,0.08911757171154022,0.28105183416631174,0.35306986024969017,0.39005423665545713
e29b6b86-9f39-5a14-8beb-d7fc8c8c57ba,"character, toy",28,27,6,1405,1952,0.0328836627304554,0.016532058051476877,0.06659922003746033,0.027485290498967942,0.04228413485035716,0.12563230416349236
454d35ee-b91a-58c5-bc75-8400aae243db,"character, anthropomorphic",49,48,21,1439,1654,0.036633387207984924,0.030840564508079774,0.1114751398563385,0.1335796494446,0.19413269973816255,0.2489725358292048
3f6fb0ae-64ce-5a6a-ac3e-aa61383c84ee,character,52,51,52,21634,37836,0.014621900394558907,0.007598883601111503,0.10689939558506012,0.26701927439827977,0.34491986675672465,0.39947919959319467
b25a2dcf-2bd4-5aaa-87af-b87d3bbb0d22,"character, anthropomorphic",17,16,18,1271,648,0.05347485840320587,0.036816240676368274,0.08249519765377045,0.38526138980657487,0.5284370187040321,0.5382497894476982
f6d3c061-4c61-5a69-a6cd-f5f671e0206b,tool,17,16,9,10517,11886,0.12071958929300308,0.06530487265748282,0.09457936882972717,0.09786766098558793,0.12553922999389644,0.25466811187157073
5005dd5f-7028-504f-b9f2-eb89408de11e,"anthropomorphic, toy",52,51,27,26835,36846,0.060370173305273056,0.0385163325505952,0.08663740754127502,0.12861898428641017,0.19155189130845413,0.2334944014648595
5176c271-e350-5b54-b806-ec0665d6aced,character,46,45,22,15203,23968,0.021814566105604172,0.0156016916946762,0.08368097990751266,0.2105304750188309,0.25479459586713643,0.36268883142388625
ed5d50dd-1383-54dd-b01b-0ae060a34885,character,50,49,51,2315,3592,0.03860273212194443,0.011938777186122596,0.144466370344162,0.23650225968624428,0.2830754985890393,0.3696267413341883
2cef5f57-a303-5ebe-87f6-22099d0f0fa0,clothing,16,15,21,4212,4999,0.04913482815027237,0.03643550535309173,0.11435514688491821,0.41598538658185846,0.6925816999191081,0.5202947709588212
077d4eaa-f77c-54d3-ab39-17267aafb954,weapon,3,2,3,2911,1814,0.1089247465133667,0.08429849628979962,0.05612626671791077,0.3736019823656269,0.6367623603940791,0.3965563460473051
49dbc00e-0fdd-59c7-b55e-933b30155250,"mythical creature, weapon",30,29,28,1256,1682,0.09748335182666779,0.02614098636799359,0.06112157553434372,0.1255379845311522,0.2086025436306092,0.2901681649181188
9818834b-9891-504b-bedd-eda40688be69,character,53,52,22,6878,9882,0.02092232182621956,0.011590777727013285,0.07983230799436569,0.23742512751088954,0.304041923354441,0.3089939149144489
11908ca7-f460-5be2-a68b-66b89ca16bf2,character,34,33,22,1825,3042,0.01740276627242565,0.01640401944115927,0.07138388603925705,0.3360898190655358,0.39973429782977227,0.45938929046555316
32457012-db7a-55e1-8387-2cec1cb86ba2,"character, anthropomorphic",22,21,21,20409,29227,0.1360393613576889,0.10874757739449185,0.0872800350189209,0.23867867424587272,0.3960516088546191,0.39804598469045877
ddb2556b-81c7-596e-a62c-a5c6b33b1200,character,52,51,19,2725,5052,0.037599045783281326,0.028293419905055902,0.0737292468547821,0.1725205186849275,0.19841072336919613,0.2689677424320542
5a15f384-5b11-59bc-83b5-454aad378c81,mythical creature,17,16,20,29246,39368,0.06233501434326172,0.04622873441549018,0.10547364503145218,0.4702316330685343,0.6005010438620917,0.6366071044768887
ddcac37e-c7a9-5a13-8a0c-e70c8f0ea852,character,28,27,18,2844,1118,0.020057976245880127,0.009095217385846708,0.05987364053726196,0.28623809384561744,0.3662995953216195,0.4475789564476483
0486320d-722c-5ead-b9ab-e693d6c512e3,"character, weapon",46,45,23,14445,6870,0.049236465245485306,0.029628216714152823,0.07957631349563599,0.12495514413211585,0.2048067077525415,0.22626888559661307
71161cbb-f667-54ef-9773-9ac68ea1af68,animal,50,49,13,4074,7116,0.025518812239170074,0.014510219218209386,0.0651479959487915,0.060190731626750066,0.082329817148747,0.19271871205813762
ad166026-c097-52ee-8bd4-8da9fac21d63,tool,3,2,3,847,680,0.1465371996164322,0.03743978341420492,0.12403780221939087,0.30230342687564354,0.3564959726147916,0.3289335728434893
a9189b3d-a7f3-564b-ac7b-1caf6ba3e579,character,53,52,29,15283,27429,0.05795446038246155,0.01879156657177473,0.12435635924339294,0.21444217708538932,0.26013024352462133,0.33239013120291355
ef849c38-50a8-53f6-beca-1b30db189327,character,34,33,27,60896,99654,0.09822971373796463,0.025315514890718514,0.07769319415092468,0.2117542536827158,0.3153099665304776,0.39545702812296546
ec51bf59-078d-5e9f-858b-fb3b8ab3096e,character,52,51,29,26947,13463,0.029301729053258896,0.015398997387945139,0.08125629276037216,0.2187508602132788,0.2697122049411237,0.31884576269421977
85013983-468d-530f-a625-e0b35bfa5e33,character,34,33,32,12320,16190,0.1261765956878662,0.042580097913742065,0.08019420504570007,0.22496891239952457,0.32540678374560866,0.3798027484977928
83857f7a-eb31-53b1-952a-0bb9c4c45325,character,57,56,52,63702,31615,0.020552776753902435,0.01042468288170102,0.09476673603057861,0.3703548735004388,0.48595598076772567,0.5081905959163489
0dce1341-0da8-5ce2-b1ee-b69a1b37d39f,character,58,57,23,8618,13102,0.015496558509767056,0.008078728873363656,0.08173030614852905,0.2260366207142419,0.27622277550005686,0.31174000758851284
d237fc8d-502f-5276-a0ec-f4be19af1282,"animal, anthropomorphic",11,10,8,2911,1300,0.19928574562072754,0.12660716928076,0.11905978620052338,0.2422358390130558,0.3576341701132801,0.33194723899691553
7a3c897f-de12-5bb4-b6bc-adc71e6ea8aa,character,46,45,15,18583,24748,0.036458585411310196,0.01910859706501166,0.06362749636173248,0.12452416984826245,0.18115940553901094,0.21313038196529294
7e25a122-701e-5130-9e24-2cd32d0dc1c1,character,18,17,40,4118,1420,0.01938113197684288,0.0471710159588838,0.08272872865200043,0.5063805708362815,0.6608924697697077,0.6775763566926521
d75f64e7-1db1-5b9a-86aa-ae2976528b75,character,54,53,41,25139,40556,0.023210648447275162,0.010401093755939566,0.10473145544528961,0.2432878276654073,0.280666929914559,0.3808560367161173
afe2f290-2d20-5c9e-8744-275b0ed25e27,"anthropomorphic, plant",28,27,20,14618,8750,0.07900117337703705,0.04750569377792999,0.06105724722146988,0.19394451872234267,0.2985569445184143,0.32448363263672436
11d5afd9-8104-5ec8-8f66-07f9e63fec8c,character,52,51,24,21899,11208,0.024103447794914246,0.016721466798723366,0.08786512911319733,0.21314314221324884,0.28133249358311146,0.30991197803527193
c192018a-8024-57a4-9253-c4c660ce997a,"character, anthropomorphic",22,21,23,7834,12976,0.01789877749979496,0.022937187602940907,0.05723196640610695,0.5897032359071946,0.7520787360410162,0.7183930861126397
71754890-c2ce-5e21-9273-670db17ec042,character,52,51,51,7441,9424,0.019112665206193924,0.009302273259142084,0.10708937048912048,0.23948279686133722,0.3045965445550118,0.3789830390724536
0124787f9e3a4bd98c6c2427a6b85434,anthropomorphic,28,27,27,647,1176,0.02243407815694809,0.01677869030498658,0.08062422275543213,0.2221623572133579,0.26020234957182237,0.37900063393348765
015048505be64c1db4f1ff210efef079,tool,6,5,3,556,268,0.386455774307251,0.38648878037929535,0.5981402397155762,0.08332709766942355,0.19390402070412083,0.22275641023117576
01ba1ddf7c834632a68f37d466a4ac60,"electronic device, anthropomorphic",8,7,7,23076,22280,0.09619776904582977,0.052464889495500495,0.06269171088933945,0.3796482087917171,0.44762206948996464,0.5562814467720716
084f8b127c5943ceb9d0ce3268cacbd7,"animal, anthropomorphic",34,33,34,8969,10502,0.011773479171097279,0.010008736419395599,0.07424554973840714,0.520414854572154,0.7225045218413435,0.6764047876110078
0929e5e013e54c4bbde163ef43c8a89b,character,47,46,47,6781,7904,0.008867138996720314,0.007848573408951547,0.10473322868347168,0.4581544336540462,0.6310707941534144,0.6102875686389159
0bce9943f5a544b9884884db340432f5,anthropomorphic,48,47,46,32609,42108,0.02386617101728916,0.01780583893465202,0.1002858430147171,0.3154617730128311,0.3728533549964265,0.4375237553910982
107f646f91ca4215af80e0770c96abad,"character, anthropomorphic, toy",52,51,51,198930,387136,0.0071571399457752705,0.006126955782711579,0.10377558320760727,0.46985678865263963,0.5200872252877412,0.6023206190053301
117a8336a13d4fd0ad4733452d10fecb,"character, anthropomorphic",22,21,22,18352,20090,0.011304994113743305,0.012823669716123153,0.06455805152654648,0.7206507281598061,0.8481304386052695,0.8287677160350636
170d71d41daa4252aca177ec0a1e124a,character,44,43,26,27177,50672,0.06532113999128342,0.01612743073984837,0.12882429361343384,0.20060695541266216,0.2779205428063836,0.3336491445357142
18d23b4e26d64c33826f3b277583799d,"character, scanned data",49,48,49,8498,3958,0.012916854582726955,0.013765547853390857,0.08761556446552277,0.40984765621729163,0.4774218928909569,0.5390639849035581
1aafc1eae615437aaf29360762f7a8a7,character,60,59,57,10287,13048,0.019136494025588036,0.00796255635469335,0.09169654548168182,0.21473552870024198,0.2627819531868974,0.3269706387809209
1d9648e7d8d44617a7c13b4eb735792c,character,52,51,52,8471,13880,0.012440865859389305,0.010242627850787427,0.09625159204006195,0.3448300350685317,0.4134664444519394,0.48061581358245115
1eed1afeda684a69a55bef4c1bbe5670,"toy, anthropomorphic",28,27,28,1901,2934,0.007177745457738638,0.008107141591608524,0.07109805941581726,0.4696627681051247,0.6147458605099949,0.5736410778830147
20ae9ed3d9a34f26aca1f007f3af6a7f,"character, electronic device",52,51,52,53444,90114,0.009715801104903221,0.006559332480929487,0.1219576895236969,0.26007158952131204,0.30884558707708815,0.4216388718375281
214fa1cb9448494a9cbf4791624cb73f,character,52,51,51,10968,17878,0.010364524088799953,0.009366970360918226,0.1227264255285263,0.33920110884685784,0.4372978030175502,0.4546589274798496
2159210401d948a6a1244a9b238b368e,"character, anthropomorphic",52,51,51,129193,241111,0.011296015232801437,0.008957360541292777,0.09638926386833191,0.4069303835911914,0.4625099168184584,0.5633022010492549
2330d6dddc0d4a2b9fa9a644d249b766,"animal, anthropomorphic",34,33,34,13804,14749,0.016738520935177803,0.01191272069905501,0.06696481257677078,0.4862058721189211,0.6843386157863539,0.672519744847424
235b252e590e4be68584f8c39f4e046a,"character, weapon",52,51,52,22532,39436,0.01684468239545822,0.010718681674916297,0.12276655435562134,0.278803802888604,0.3221547739235015,0.42085075173816716
274085fb5c0e454e86570653349e4d95,"character, anthropomorphic",52,51,52,15251,22328,0.016540290787816048,0.010644349529264638,0.10543271899223328,0.3257853928465711,0.37377304289857405,0.4643107293765697
2a4705f2fcfc43498e0404d7d6967426,character,52,51,52,14387,26069,0.007495423313230276,0.005810163014057952,0.14166688919067383,0.43901990537475155,0.49126579072476306,0.5554859689240459
2aaadc73e9d844dcb89e99db289ce2be,"character, anthropomorphic",52,51,47,12021,16904,0.01839696802198887,0.010142559235162557,0.09402360022068024,0.3293106739454584,0.38965047150483745,0.4304874440977535
2d076baaf0d8414085494ae5276b5657,character,46,45,46,19245,27500,0.013015972450375557,0.007901291681818016,0.1174778938293457,0.29047874089401615,0.3890193199706222,0.41837685207088443
302fa991d870416da008dddbfe3c11dd,character,34,33,51,18569,30017,0.013431777246296406,0.012624336360935486,0.12684528529644012,0.4831162074060513,0.5329141565578954,0.6145983017349478
31c845d807a54d488d953dc67bdd3221,character,42,41,42,16535,29612,0.008953509852290154,0.008149440637290744,0.11175508797168732,0.47222294958228117,0.5802468360908416,0.5943401064987961
32623191dc3f470b918f8bc59b09c134,animal,12,11,14,2456,1036,0.06261049956083298,0.04733427866761174,0.04665033519268036,0.3261539449582076,0.49662112140744136,0.43770707324677094
34d22c0fbf7e4d0b8c54e59b4ff3103a,anthropomorphic,28,27,22,2636,3166,0.01848035678267479,0.016758304159421557,0.062037594616413116,0.2696831306293232,0.30636605206170503,0.5156043600291086
3739dbe36abf42fa9ee63e5346ae4b2d,"character, toy",52,51,50,4901,5614,0.01656164787709713,0.00891963250702247,0.13396379351615906,0.2401827018464118,0.3089588466579927,0.3314746796126543
389cce420aed4b16a418681a10cb94e6,"character, anthropomorphic",64,63,52,12849,14363,0.021373268216848373,0.013068622409124285,0.0787215530872345,0.2540552224553835,0.32732993175716335,0.3866996614153851
3b80b35de31d4dce9c75fe73d29eed10,animal,57,56,49,3469,5500,0.03176923096179962,0.02045608859637524,0.11554870009422302,0.19629958194008684,0.277477744777425,0.35181623336913515
44f913a3fb224c92a8be5f30377db4e9,character,52,51,51,18674,31696,0.008432825095951557,0.006127816329335831,0.12582111358642578,0.38528271401820996,0.43470032934019154,0.503835106054451
450e29de3c1541d78943e3265012ee48,character,31,30,31,26765,44198,0.010908314026892185,0.010295664362098661,0.07833031564950943,0.5669490623683403,0.6608848099266126,0.6898247787471339
4693f79f291d4a428fd0cf8eca9dbba1,character,52,51,51,39115,51758,0.01224470417946577,0.009224544510966642,0.12514513731002808,0.3775638320517865,0.4199789604227086,0.507441359458449
48adabfcb7e141159a6f83bf08dc3ea7,"mythical creature, weapon",29,28,28,4266,3772,0.11038363724946976,0.04049118621540921,0.09764210134744644,0.32747294629631557,0.39989726126974884,0.5327579113706647
4ca21db58038457bb7c83a87216736f6,"toy, anthropomorphic",28,27,5,13223,24076,0.08159512281417847,0.08123713098466397,0.11517121642827988,0.0315157015880484,0.05093127688873841,0.11504201081588905
4d3be60878a947ec8d5ecbfdf7bdab7b,"humanoid, sculpture",22,21,18,6419,6975,0.051619529724121094,0.03148662910744962,0.06323673576116562,0.3153781083390286,0.48383493514975723,0.48984793566478757
4d81315d9cd048a7979ef0eb8bf4d18b,"toy, animal",33,32,31,5375,8352,0.05558380112051964,0.02507845762621371,0.082221619784832,0.349572310115269,0.4616797363752446,0.4954632380660497
4de4ddecd15545cfa8997c1d809d94eb,toy,22,21,22,19292,32176,0.0227609034627676,0.014396955952344631,0.051229171454906464,0.45903119972675677,0.6150227057245119,0.616860851006971
528751c7bce94a068f1c5fcb234429d2,"character, anthropomorphic",34,33,34,7836,12428,0.011208469048142433,0.009374498334877631,0.11035613715648651,0.5084122045516889,0.5952140005895656,0.6177979208444072
53383e9b798b4268adb667955f7b5775,"character, mythical creature",24,23,24,2102,1080,0.01762329787015915,0.012631411741798123,0.07401399314403534,0.3665509300681976,0.5245977054837659,0.4993207567720447
5748a940ec044cd68b689418d75ce287,character,28,27,28,184320,92160,0.03417419269680977,0.011236920593156745,0.08812990039587021,0.5020916820545062,0.6410044325841721,0.6153043069298697
57ba937e9a4649e2b07180564f639506,"character, anthropomorphic",44,43,43,9363,10728,0.045883387327194214,0.014595900759707356,0.10155948251485825,0.26773053964198135,0.38321233464563603,0.379280394058692
582d95187722402c979da4b9caccc9bc,character,66,65,52,9921,16240,0.012905213981866837,0.008249314388824413,0.09410751610994339,0.2148737107448379,0.2883555964598286,0.344438745585002
58f4779ccfcf4cbc8b0131f89976353d,"character, scanned data",52,51,34,4282,6908,0.009506868198513985,0.009352556520538843,0.10311615467071533,0.2517573287670252,0.33234912824228274,0.37321338868472037
5991e9d4faa64536a54e2772b764869f,"character, anthropomorphic",34,33,34,6656,10808,0.01221050601452589,0.010343868606415688,0.11456170678138733,0.46304448437490403,0.5452511015877377,0.5737210755275667
5ab512dffd4f4ac289b0b13763942c81,"character, anthropomorphic",49,48,48,10456,15422,0.026231780648231506,0.009826845353624472,0.11230328679084778,0.25079897983693944,0.31483380211542705,0.36576058680078033
5c83999ae6be456aaaeccc628f248d12,anatomy,13,12,25,4283,7519,0.02670847252011299,0.048976912442594764,0.10633682459592819,0.6634014155907816,0.771483904351229,0.8258153264839376
5cc485dcc3c7497b84784a1727a1dbdb,character,52,51,45,22566,37354,0.010538666509091854,0.0071729238597779636,0.13371258974075317,0.28250476966663557,0.32502023655773543,0.39877205325588905
5f58e18afabd4f38addbc7894acb6fec,"character, anthropomorphic",52,51,52,27625,43234,0.020078543573617935,0.013670698806750946,0.11207950115203857,0.34913216759936555,0.46824766706231463,0.49221062161408
61dfef60317b46f8b68a352a3affe906,"character, anthropomorphic",34,33,33,9431,8514,0.024926980957388878,0.015933588288272873,0.10566049814224243,0.3324916027579149,0.4566800479721926,0.5021258675487781
63152c5a03414a1e8cef4eee12f8e424,"character, anthropomorphic",28,27,28,11130,10908,0.012826447375118732,0.014557055959552858,0.08001264184713364,0.6058017208801786,0.710359265077037,0.7546786591939778
6316ac72c437473caf90299e4ce5ef53,character,52,51,51,22635,34901,0.013291561044752598,0.00818601722130552,0.13094976544380188,0.3003911237469711,0.3431945940001796,0.3786618975125897
668a84366e5543dc8ea1ed8cdec16c12,"anthropomorphic, toy",60,59,17,38759,49006,0.05522371828556061,0.044534885634407946,0.06493043899536133,0.11226649981438626,0.12995114364793844,0.20680304254343304
73ae2af8e3764c29b1f1cafd32274f7a,toy,35,34,28,34830,68800,0.14828535914421082,0.04493715263691099,0.12463731318712234,0.17434360548250138,0.24816866878624308,0.2423160057289142
753396ab6a3e45e4bbc80df190ebc11b,character,52,51,48,22470,35810,0.010273458436131477,0.009453207489665752,0.12015409767627716,0.35933400001307003,0.39973481456255217,0.5025936712574485
7af62c3131794547aea8a97dd8170ea8,"character, clothing",53,52,40,21960,31441,0.013126572594046593,0.009838563179800985,0.08743488043546677,0.35175839416562077,0.4038652804694808,0.4988508555288469
7fe36e83593e4fc4ae8127f9ccd0ac4d,character,53,52,50,8244,4090,0.014594861306250095,0.008552453013835474,0.07649760693311691,0.2937311467654016,0.3899715002311443,0.45167038527948683
81919251f0874f37a301a77c7e0be117,anthropomorphic,52,51,52,7077,3681,0.008415251038968563,0.007911418134216756,0.10381254553794861,0.35933511467626955,0.44128796931356096,0.5143385083684494
829325874cee4b0f8132d70b7cba7dae,character,22,21,22,81674,69134,0.01129120122641325,0.013012389218519356,0.07062812149524689,0.7469392122479988,0.8690593707424855,0.8375819404704721
8391723b273741a789add445ff7be896,"character, anthropomorphic",51,50,34,3009,4338,0.0285281240940094,0.016262654280153048,0.10656313598155975,0.24226472548630457,0.30371902364243236,0.38698328538765336
852260b6b2ca4939b3ef75cca7866aeb,"Character, Anthropomorphic",52,51,54,5449,5930,0.016055963933467865,0.01321884088382056,0.08370094001293182,0.4414626089980099,0.5279492835558147,0.6086849002907571
8712a1cc1db94d79b1fc69c97a3e13ea,"anthropomorphic, electronic device",23,22,20,9349,14476,0.03962757810950279,0.014105099979860824,0.06076666712760925,0.569818252162307,0.6351999619845032,0.6467601656819827
88befa9465cf46c4b094ae12bc377224,toy,6,5,5,18578,33230,0.19667404890060425,0.14312187284231187,0.14925797283649445,0.15167455047158604,0.23141196153801172,0.24117373789525995
8abb72ffb81742b89c079e2a99d7b18e,character,52,51,52,6177,8934,0.01010097749531269,0.007899497904313298,0.09016728401184082,0.3121224722899941,0.38640864556140014,0.4416314899169401
9015edb8c8ff4c0aae297d02c97b8451,character,28,27,28,1574,2136,0.016681136563420296,0.011758687831128814,0.0960676372051239,0.4427591957529003,0.6152229332911098,0.585654629950396
94484878269d43a684380e6f1e36220b,mythical creature,49,48,33,26668,48764,0.03911681845784187,0.012540174567468719,0.04902175813913345,0.21738354246690375,0.3083735453905378,0.38648798400760304
9be1a69091fe4f6a8d70f09c6e6cd2b8,"animal, mythical creature",44,43,26,971,968,0.027578303590416908,0.019093202458372198,0.05663768947124481,0.20285155751037326,0.3055353189520682,0.3687037480112735
a03578bd5970464b92e94640635adae1,character,52,51,50,9470,13807,0.016852805390954018,0.009543647859245538,0.10130506753921509,0.2902878125845562,0.3413915265957267,0.45935020490948825
a12db611eec947e0900e1914dd4bc455,"character, anthropomorphic",40,39,40,12437,6955,0.011862926185131073,0.00984001090109814,0.09911473840475082,0.42200079031217314,0.5326702347663489,0.57900897795605
a5ed8e2244914fd1b8099d3331991ce1,"character, anthropomorphic",29,28,34,31959,47072,0.0933409035205841,0.02697165878592333,0.0724887102842331,0.24310970772933455,0.382544765419231,0.39816888745307893
a5fa1eb3a8b944cf8137109ddf6b07bd,character,40,39,40,65806,68672,0.008739607408642769,0.008784079251927323,0.09485781937837601,0.5684800800688987,0.6965822102398437,0.6760189625735368
a9c1f5d2cd7c4ca3bb46272998d3e451,character,59,58,57,10282,17383,0.013126382604241371,0.008487365714053771,0.07261040061712265,0.3470016021763657,0.3770110983022816,0.4687482245293624
aa85f8337e6849598e6e26d05e79e2ea,"character, anthropomorphic",22,21,22,6688,8040,0.010015277191996574,0.010577787904449824,0.05386347323656082,0.658575383915092,0.8064464733716186,0.7830010928383287
ab80e7d7a3424f14b3b96b84a476d1a5,character,63,62,61,20434,34586,0.013749293982982635,0.008820497711402838,0.11219337582588196,0.2725969900476513,0.31445745596454694,0.39409562592217745
b04ac64dd3954ccface010e45d2fbb19,anthropomorphic,46,45,45,100830,185056,0.015037457458674908,0.01070854589731122,0.09129537642002106,0.44151283536394564,0.5417211882615174,0.6368315264166013
b2dd8c5006124c448846742ff40a14e8,"character, scanned data",34,33,52,6643,10404,0.015099968761205673,0.014686646786196014,0.1179671585559845,0.5091061421556732,0.5989333631161347,0.6701701273582013
bc426d00b370452ebfb135d1b2af8024,"plant, scanned data",17,16,17,667,890,0.033787935972213745,0.03284088142818826,0.1278882622718811,0.49411015577151973,0.6707513783572194,0.6550185792281342
bd0efd5a3b9446d2948e92bd9bdf4c87,"mythical creature, anthropomorphic",67,66,52,7620,10336,0.015041006729006767,0.007667445090751594,0.10503998398780823,0.24800078863469657,0.3016307722921716,0.39687234597489623
bf153379e88e48b2bab905060fb28d89,character,52,51,52,4809,7011,0.007283004466444254,0.00683904773345253,0.0867743045091629,0.5007641254370706,0.6245068035048569,0.6062613705642839
c2a59c4fb70a4a6a896e53eebd7629dd,"character, anthropomorphic",36,35,34,15733,29477,0.011989733204245567,0.012161274509066167,0.08420432358980179,0.383538466818047,0.5577694504668337,0.54450989006387
c3ee36631f9045eba4445c2709968303,character,58,57,57,11596,19333,0.0132429338991642,0.009698751899250374,0.0961810052394867,0.3400812386329378,0.41484608409887463,0.473189527542402
c57ee4936431462da535e88f22cb11a2,"character, anthropomorphic, mythical creature",52,51,52,13529,12850,0.022051125764846802,0.013249635575518299,0.08971492946147919,0.3517031277989285,0.44135235284648544,0.5263927498416654
c5ec6938b1a9428cb9c2628bcecb5a9c,mythical creature,24,23,24,13317,18840,0.022390836849808693,0.017462382985589404,0.08516727387905121,0.5590040122748797,0.6635027836745555,0.69037007272531
c6321f7713804975b43f14f3a71217c1,"character, anthropomorphic",51,50,47,15157,26909,0.011861232109367847,0.011404554835183824,0.09218710660934448,0.33232890241773266,0.36646395124547,0.4427166885395563
c8b78529d1b34ee088488e4715eee472,"character, anthropomorphic",46,45,46,3084,4300,0.011930369772017002,0.009696442588946134,0.12776310741901398,0.384024042267002,0.45246315100247164,0.48528868444204354
c90704523aa94eebb8d899405363f7e0,mythical creature,28,27,28,2383,2992,0.026460077613592148,0.02022485259554482,0.09262140840291977,0.3772519965412879,0.5310843613391035,0.5073983014031079
cb09e43f93634f53889b51bf9664af85,character,52,51,52,25734,40214,0.01459334883838892,0.009554988406867219,0.10324916243553162,0.32574475514829004,0.37151377934407337,0.452270561171109
cc9642a8dbfd47e5b649ede3710a063b,character,40,39,46,4784,3434,0.013094807043671608,0.011723268382332248,0.09549979865550995,0.3766314713673418,0.44461083099893556,0.512537724903799
ce191e0410294ccfadf1f105b51874db,"anthropomorphic, toy",46,45,51,43815,81138,0.013804785907268524,0.01223626903568705,0.09463624656200409,0.31156148915070014,0.40790380056272185,0.4717280648571986
cf453c95639e49d58e4cd1637df85aee,anatomy,37,36,17,2160,3234,0.011917389929294586,0.011100893059526296,0.06506955623626709,0.29970780898629273,0.3418119869244244,0.382138770822649
d16b84f0a1e04c208a50830b97270b1f,character,52,51,52,13625,22328,0.015499367378652096,0.01265959090177113,0.12110532820224762,0.3057157845389679,0.3779208540322808,0.4573166100413459
d46b12b287e745fcbba61a4857f2f279,"sculpture, mythical creature",40,39,40,57037,91304,0.019681621342897415,0.015191038249759004,0.09009850025177002,0.45397823658150943,0.5778658691198902,0.5977752875117783
d68490e36c964cb490b3d958f4f76842,"character, anthropomorphic",22,21,22,7100,11372,0.008432227186858654,0.011513410863699391,0.07064555585384369,0.8318938174499281,0.8866365528436183,0.9025247559239922
d718527d95404f81a0e66350f4b56a4d,"character, scanned data",52,51,52,14642,24351,0.01910487934947014,0.008607887009230372,0.12403121590614319,0.31376238117584715,0.3628516301335563,0.43255611101742814
dcc3ee08230341fa88d911c373b92a53,"character, scanned data",34,33,34,16964,19702,0.011659345589578152,0.010732353250633049,0.07818717509508133,0.4927322244906267,0.6123254538159731,0.6162453291879513
dd4d38d445644b3a969b54af92242137,character,37,36,38,4065,5980,0.09507256001234055,0.021351492449053024,0.10748856514692307,0.15418312157114136,0.22577327365734892,0.25380721926044564
e11ac614d4e34e989dbb0875d3a6da06,"anthropomorphic, toy",53,52,19,1762,2725,0.03444914519786835,0.021841058434036217,0.10397103428840637,0.20189053292971254,0.2333651060917416,0.31447809317301384
e210a5e5bdcc4032b49c1d90d449bcdc,"character, anthropomorphic",52,51,52,7954,13116,0.01520763523876667,0.009637635055696592,0.09502404183149338,0.3691118698552656,0.4569606740022103,0.5257627133978346
e22c41d62baa49cd897f088c3a508d44,character,60,59,60,8963,15432,0.010894203558564186,0.007825174879205104,0.1403656154870987,0.3932026301632421,0.48881484867664055,0.5284932050875171
e3c0932586444e87bc3eb2175a17a20e,"character, anthropomorphic",24,23,40,1179,1614,0.05163842812180519,0.037465907572186555,0.1403118520975113,0.3718521038403757,0.5252917863470268,0.5502292604903949
e5eb46758cd242efabe49954cdd16980,animal,38,37,19,6518,11352,0.026833737269043922,0.015589188514767508,0.060119904577732086,0.0993880446540765,0.13187169261223744,0.2981557981951684
e88b7b71fdc74d4ca977b742f6480e23,"character, clothing",52,51,52,27073,49704,0.0127984918653965,0.010149506951095715,0.1163179874420166,0.2955840028338961,0.34072867169245874,0.45467202835068043
e9615e1cf2bc42f1888515ee52cb148e,character,52,51,51,25423,42170,0.011727474629878998,0.008325301030280945,0.12965211272239685,0.37510411754247674,0.4207845662572915,0.510821620344907
eacea7ef80f248da9c70aa1b5693a37f,character,56,55,56,8160,13258,0.011328130960464478,0.007822364884694772,0.09330369532108307,0.40241968221749175,0.4768275718656932,0.5553309454144075
efc33de471284ba59de0bcf633041342,character,52,51,50,11021,17812,0.009248021058738232,0.008522478428203613,0.11704069375991821,0.4369185644477399,0.4943266481182708,0.560849058150444
f3d18659fc5b4dcfabfee39ae9a00470,character,52,51,52,16963,28748,0.007672087289392948,0.006501455063698813,0.12227781116962433,0.4251786195276386,0.5008847005893748,0.5709366222486302
fe6599d248fa466faab216d151e51f1c,character,52,51,51,21869,36803,0.0127725126221776,0.009725597041074698,0.11634072661399841,0.40796104429308916,0.47754936628566436,0.5417702061481867
fede0fa318e04b81b30c9a60083bb3e1,"character, scanned data",34,33,34,1870,1584,0.011330709792673588,0.009674147216548376,0.10786396265029907,0.40560490622028406,0.5325754572099416,0.5193926052170383
ff8a4433a5d449a3a0fc54989185a024,animal,70,69,54,8894,14258,0.04595555365085602,0.0192580739967525,0.06116751208901405,0.20678561913283225,0.26428416489347273,0.37056996002172654
8adbc89b-b748-5ec2-aafa-06d71074d433,weapon,4,3,15,4807,6000,0.05383677780628204,0.1136610516657432,0.07138890773057938,0.2548734581225167,0.48856311365445226,0.7349031841113746
33650425-26ab-5142-8338-25a5222b3e37,animal,6,5,10,10252,14688,0.025764569640159607,0.065948863979429,0.06502928584814072,0.7592220477145614,0.8326298515904282,0.8919160010213334
fd287e0e-9afb-5926-aec7-d61ab7b90572,"mythical creature, anthropomorphic",40,39,25,1256,1807,0.03286603465676308,0.019849379435181617,0.09746964275836945,0.21194641995517705,0.26915424990109615,0.389798924655446
2442b066-de11-58ec-947e-d20d51e43600,character,34,33,21,3872,2038,0.044356685131788254,0.013580773846201953,0.07399584352970123,0.25722980112902316,0.31532193718807244,0.37491970569238864
540bee29-c35a-5177-b8d6-2357279f4766,character,28,27,15,359,696,0.01951642706990242,0.012983218176911275,0.063326895236969,0.2960658270911975,0.3647304033730572,0.41927930061141766
3cd104bb-a801-54b2-b9a7-609b395afc95,tool,5,4,19,1039,606,0.08622289448976517,0.11674067299616964,0.11158581078052521,0.33946939381339103,0.45893306627446445,0.5341751058001868
56b9a9b2-7d96-55ba-8f89-70449ce37bcc,character,52,51,52,4698,7472,0.015325521118938923,0.010455290777966954,0.08655210584402084,0.3112822036209952,0.4004406246233831,0.4080831503651089
1ead1c4a-0f15-5da9-8527-45bd7ceb63ff,"character, anthropomorphic",59,58,44,3402,4322,0.029789358377456665,0.010572226061909036,0.0664907693862915,0.09836002364718108,0.1120600809320583,0.23401082972785853
5a149e10-8743-52c6-bef5-70f032cec34b,animal,23,22,26,2648,1168,0.0663585513830185,0.06434401192773993,0.08211454749107361,0.29602244348585127,0.37322401340309375,0.3815358939795198
312ad7cd-a175-50f8-804c-feceeafa2d8a,mythical creature,12,11,43,1648,768,0.031227240338921547,0.11524272586630527,0.08611157536506653,0.41554724637975743,0.6243480265270326,0.6023965917481667
b3551384-72f0-5bd6-aa30-193423a83712,character,21,20,19,697,1058,0.023782823234796524,0.021408358953378507,0.0576217845082283,0.46504396623039107,0.5590040905839472,0.6036369260270182
95d99e46-b554-5962-b4c3-fc225f89ba12,character,58,57,22,7025,11336,0.017918674275279045,0.009948820214379917,0.08271722495555878,0.21755508916760502,0.25634576648388263,0.30874271730783037
b093c4e3-263b-58ea-8cc0-e5dcf99ff0b1,character,27,26,24,1630,838,0.07353309541940689,0.02672788264074673,0.09307275712490082,0.2898826468155505,0.4154333629990733,0.47907445271041943
e5951373-cdc0-5fc9-b278-fc32bc9ad390,"character, anthropomorphic",52,51,44,67208,24334,0.018455827608704567,0.011309788350693205,0.09719853103160858,0.2825022419712172,0.35093807277634237,0.4382662888475713
408224bd-f971-5702-9896-d303fb0f7579,character,34,33,18,2096,1435,0.02051423490047455,0.013124628199471368,0.07209943234920502,0.23680164921597568,0.2981159379955815,0.359899826572694
28203f3d-8cd9-5e19-85e3-8113359df66d,character,33,32,27,8823,4894,0.0716555118560791,0.017180221676998945,0.081746906042099,0.1143175209841136,0.17053283862629265,0.23671647997864934
874f23a9-9b84-5062-ba79-bb05cc8d7fba,"animal, toy",18,17,17,1585,2916,0.1344064176082611,0.05174657521659837,0.10387611389160156,0.15892130465342466,0.30981245523265927,0.3212822766798031
17be5a38-ffe0-5aae-8792-c2be27fe273a,animal,22,21,20,10215,11452,0.11435957998037338,0.041677020920906215,0.06270014494657516,0.05819825471492233,0.12837699953166173,0.16313748125369962
f381c75f-00ac-5619-bdee-75325c063899,"character, anthropomorphic",22,21,21,9010,10641,0.05322398617863655,0.025541873427019232,0.07481324672698975,0.4417695760952966,0.639103927807242,0.5796469460220732
838130df-fc40-52b7-88d2-8c94b6bb3c47,character,40,39,19,4910,2482,0.0151393236592412,0.012730976456384125,0.06849731504917145,0.22895912032616544,0.28500351102769184,0.37895037702590845
b75f323a-a4b4-562c-9f16-d2bb3f5b92eb,"mythical creature, anthropomorphic",40,39,30,1053,1541,0.02175162546336651,0.016508942112947504,0.10360175371170044,0.2571078806917518,0.36585472069874314,0.41712532433534716
e5fe2bfd-df32-57be-8ed3-2ef289ecb9e4,character,39,38,23,42419,34924,0.17167170345783234,0.03935041163197678,0.09989982843399048,0.22344094772646242,0.3148013121253146,0.3074412155638576
9bab439a-a611-5541-9d4a-b356b7555c7f,"character, anthropomorphic",26,25,17,2107,982,0.018948828801512718,0.014013374070226051,0.06767018884420395,0.3727716840558601,0.42368215933809383,0.5075711560411511
41224cbb-e169-555c-bf15-41bbfd619cef,clothing,18,17,8,2316,4192,0.05994035676121712,0.02058649290120229,0.08301028609275818,0.23180553778280577,0.2579233682295822,0.37430947522583496
0c7d1209-1cc2-501b-9fb7-399ef87b1027,character,22,21,19,279,228,0.05680221691727638,0.027112813825768075,0.06157518923282623,0.19915406186830137,0.3517435677995218,0.4111811345446352
bb310f80-ea84-536a-acbd-ab44b7be94e8,animal,20,19,2,6855,2991,0.02514234557747841,0.01701553398743272,0.07885262370109558,0.007404243200879663,0.007404243200879663,0.05555555555377492
f3042930-db67-52fd-bd94-f439fc18dd06,character,22,21,29,2538,3837,0.03544081747531891,0.025476309326316775,0.08249106258153915,0.6213900787910062,0.7386797660681448,0.7349530513094845
13107059-b898-5682-b5a2-c9ec330a1fa4,"character, anthropomorphic",80,79,52,6459,9534,0.013417620211839676,0.00831626351898124,0.10615174472332001,0.20655442265600035,0.24848170663170144,0.30961033408037314
2094ec7e-b6c9-5150-9f84-fb3d0c9b06b5,"anthropomorphic, food",40,39,21,6652,11101,0.041164569556713104,0.020344572768191852,0.05447004362940788,0.16751897565109597,0.23885637312178987,0.2881728044340155
3b7e6fde-99d9-593d-86eb-72cf7b458299,"character, anthropomorphic, toy",50,49,20,3346,3054,0.043500348925590515,0.033370588743127885,0.09313548356294632,0.18944748682291654,0.2293226674266493,0.3043832595294455
b4e59d8a-9de7-5689-8896-5928b0b67db2,"character, anatomy",44,43,21,10715,4670,0.04685360938310623,0.020559680842173595,0.0903453379869461,0.1700016199003076,0.25318170815139784,0.2764012563879664
141060a6-d2ec-5b84-9125-07e5b561bb10,character,22,21,20,6453,4626,0.135656476020813,0.037471033888868986,0.08748982846736908,0.22692379772992283,0.31206231335279344,0.40394929274906616
c84cd5bc-6e68-50e4-b8e9-939dbbff52bb,animal,15,14,20,2376,1208,0.06039182096719742,0.06956953968037852,0.10319219529628754,0.4197106793202204,0.5242374764512727,0.5850165376484898
ba781252-1380-5c50-84cf-27d5932ba967,"character, anthropomorphic",16,15,34,3879,1420,0.014447802677750587,0.03442400104968863,0.08263189345598221,0.6230357989904773,0.7880455110730038,0.7331921339237306
10cfa57d-df5e-5fd0-971a-89351ae7592f,character,52,51,52,3415,5606,0.011164853349328041,0.009459145908924537,0.13710397481918335,0.3886976242364742,0.4640494253295706,0.543960337743973
22f3c3de-a079-55c3-8fb2-797f80905a56,"character, weapon",70,69,21,8615,15280,0.02067943476140499,0.012761499732732773,0.07672584056854248,0.11003417812028268,0.1485144826720265,0.19636771726655403
2f440256-09cf-5bc4-bac5-a988b3975a09,"toy, anthropomorphic",28,27,28,1624,2700,0.01812015473842621,0.01775967124350635,0.07871675491333008,0.3686113111912894,0.5350311787368341,0.5477881845130086
2c4768b4-82e8-5416-b929-e7e4e3d46ee0,plant,8,7,12,3154,1534,0.22025610506534576,0.11999196163378656,0.2634025812149048,0.14156419823969213,0.2657766632916111,0.315732857811138
0ef91d3e-0a33-55fd-8902-98d27b6dce40,"animal, anthropomorphic",46,45,22,751,964,0.04251223802566528,0.03886062148111788,0.08533129096031189,0.13209750404865475,0.1749611034263317,0.25037051777767577
15ff9eca-ca1c-5428-8798-d20d5605bb98,"character, scanned data",80,79,51,4641,7448,0.014020461589097977,0.008374225854983224,0.10642942786216736,0.21851287710499107,0.267242473439933,0.31131877777605504
44bd42eb-bc56-5ece-8bf9-02c0a946e4ea,character,52,51,21,3304,5036,0.05288142338395119,0.020114454911977407,0.07652311772108078,0.14164441350928447,0.19705624262140195,0.23088620611564623
e0f388c6-4c07-5e84-a0b4-9d05ad84c1b8,mythical creature,29,28,36,5868,1989,0.05746966972947121,0.04347948749394467,0.08702348172664642,0.295977503095364,0.40722152429193315,0.48024174800289304
a22f10c6-2ab1-5055-9800-95f05b90a81b,character,21,20,20,756,1061,0.012699048034846783,0.017726131944800726,0.0595405288040638,0.5384506139671952,0.620909503512762,0.6563160392991659
83aa7e70-f094-5fe8-8049-48dfddafdddd,animal,25,24,12,540,796,0.06386647373437881,0.06070667136615763,0.07673300057649612,0.05882291475006547,0.1041396047502225,0.2230176972819397
a255a5fb-7bcd-5d00-828f-3fc3aa4e842d,character,53,52,6,2833,4344,0.05242813006043434,0.0282705370336771,0.07221777737140656,0.01823175166283355,0.01943257066906373,0.08499465710585796
ecd05ad2-5aae-53ac-9bf1-86b1f610f120,"character, anthropomorphic",34,33,33,3663,3427,0.04982232302427292,0.021211023892233657,0.07335439324378967,0.1787554060440345,0.27360997644600865,0.2825366366489421
509496c2-7958-5368-bea9-523ab7dad6ad,character,23,22,22,773,684,0.09894878417253494,0.022834020968399604,0.06403917819261551,0.30061333701131615,0.4667079052956328,0.4412054140807794
4d9817b1-42e8-551c-96ad-3fc6033e3136,"mythical creature, anthropomorphic",51,50,28,8132,9032,0.05184599384665489,0.027627577556164136,0.09790731966495514,0.20694906888504708,0.27488914278415205,0.373144197447503
efebd00c-e4bc-59fa-87cc-1e85851f4a29,mythical creature,11,10,12,6173,9876,0.2210841327905655,0.10287492504964273,0.20472753047943115,0.27889423899659166,0.4374743505057164,0.40685323422668324
2e396d2b-5e12-5e70-b6c3-512f2582ad0a,character,52,51,52,27338,9704,0.027330173179507256,0.017972861246492427,0.08321177214384079,0.23130190646484314,0.3020037700858373,0.37336712275179207
f2b9fdc4-d633-553f-a423-74e3d94dc15f,"toy, anthropomorphic",27,26,13,874,1514,0.04763749986886978,0.03181795962154865,0.0695742815732956,0.212022116478763,0.30586515067202935,0.3840171856538793
d4213bd3-1e6c-528e-a4e3-8aa922797e85,electronic device,16,15,15,179473,102551,0.1419263780117035,0.08358590733259916,0.10096615552902222,0.1959231125767963,0.3327379629122401,0.3446466582637635
b0d8adb3-4471-59ad-8e89-42ca7feae1f0,"character, anthropomorphic",67,66,47,8674,4464,0.023592578247189522,0.012876912101885265,0.10774452239274979,0.15546733602980212,0.20263979150929642,0.2751579675039036
01a7a2b6a46f42d087f88fbb3054c9fd,mythical creature,52,51,52,7568,12626,0.009586804546415806,0.009131358900608925,0.12273912876844406,0.46800865836969247,0.5492767728660678,0.5866455240358069
0737638c22c341d8b11cabf377ac7def,"character, anthropomorphic",27,26,3,1026,846,0.021606402471661568,0.008362692625572285,0.0661877691745758,0.001499571550966158,0.001499571550966158,0.041666666651785714
0c668ecb7c384fc8a137bc7160164649,"mythical creature, anthropomorphic",40,39,28,7783,12736,0.011458718217909336,0.010646636934585072,0.07662738859653473,0.4331688773799158,0.4999713707457851,0.5448073869380599
0cb6db1295a442bea4dcc043dbea27d8,"mythical creature, anthropomorphic",46,45,3,20365,12570,0.05032588168978691,0.03370570453504721,0.14479559659957886,0.011233980866406578,0.012420693782899393,0.04366562262917231
0e869cba1c39416e9f82b0763f1f9159,"character, anthropomorphic",59,58,58,4426,6702,0.010629446245729923,0.007580604512597723,0.0730697512626648,0.337645367930323,0.4285483697790491,0.4804235122526902
0e8b686055b649d380cd928b30727123,"character, anthropomorphic",47,46,34,6395,3279,0.015089738182723522,0.009776807708583553,0.1135539636015892,0.2436978859661202,0.2930937488827344,0.3760929664135999
1d0a1663de804992ad557124683c8cf9,"character, mythical creature",34,33,28,35149,63138,0.013317151926457882,0.013458466905701374,0.08155625313520432,0.5414905194045656,0.6403582954552279,0.6421019256769922
21348ea03f714ec9b7f8cb78bcb15bc5,"character, anthropomorphic",60,59,52,25458,41065,0.02593989484012127,0.011644862511625083,0.10812163352966309,0.1603092204986635,0.19965941401228976,0.30932038093609887
2308b7713a4843b3a2f8f690bf372e6a,"animal, anthropomorphic",8,7,19,5041,7648,0.07683391869068146,0.09237723292684868,0.10572069883346558,0.21767160071946304,0.360807023863018,0.4177187524543426
237ce5d21a3c4bcab51f34a4ab451587,mythical creature,24,23,28,6107,6824,0.10211234539747238,0.06634711045106607,0.06879542022943497,0.27455372912049275,0.4241731545991852,0.35584873757671853
260175b554d449dbb2e710af1fdfa658,"character, anthropomorphic",64,63,61,4181,6477,0.010630952194333076,0.008252747074441343,0.07437775284051895,0.3157812571564963,0.4074560448166915,0.46383010285918286
2746301a305c4aca8f865136feef0d88,"character, weapon",57,56,53,6746,10656,0.017680831253528595,0.012058581178348933,0.12383125722408295,0.337884296097174,0.4032530564288561,0.5103223869875602
2957e37e7f6a40809717f79033d824d3,mythical creature,67,66,24,2224,3204,0.06329499185085297,0.03539223751189032,0.0764298290014267,0.10706799758230223,0.12598575164463702,0.22854168119043478
2c1506e15367434392fa7b0f1a7f123b,"character, anthropomorphic",40,39,40,32226,60160,0.007357119116932154,0.008020437245431822,0.09707134962081909,0.6171491738312566,0.7476320180507743,0.7464067370958808
3152c73a89c84b3ca5d22466869031cf,"anthropomorphic, mythical creature",22,21,22,12117,21117,0.026616036891937256,0.018406677165661346,0.06591835618019104,0.4872569693789952,0.5699157090563494,0.6512878822964895
3279369cb5a04838a859bd69823d545c,"anthropomorphic, animal",30,29,22,865,1224,0.029016738757491112,0.022780441483271054,0.0746421366930008,0.16038719056243406,0.18920715052409146,0.2812731092611893
360a0c66088749799645a4a1b2e853aa,mythical creature,5,4,3,46,18,0.11829336732625961,0.05426049853364626,0.11183973401784897,0.10071301245417369,0.34313725462129946,0.42424242088842984
36af1215083d4d13a490318929fc2118,character,29,28,21,4264,7104,0.014808977954089642,0.0073436674761718935,0.06191910058259964,0.39332773295336243,0.4457095281056884,0.5287498192803568
36ffe88a35cd448abbefd083e96a0307,"character, scanned data",52,51,52,10588,14934,0.010815506801009178,0.009342822275357321,0.1311269998550415,0.33755176946546794,0.3944731956776296,0.4816862951489679
3bc6b5dd5c874003a2005f366cb9973d,"anthropomorphic, toy",46,45,46,3411,5631,0.012314735911786556,0.007443049610984694,0.08909554779529572,0.6193758647287272,0.7331930694614783,0.7527835688078224
3c3f457b7d064646ac04e01004c52ed5,"character, anthropomorphic",46,45,46,2994,3082,0.013731015846133232,0.011431707298944948,0.09952977299690247,0.34156749212590143,0.4413567344473979,0.4894035004328094
3dc98d5dc4b446b6b6ac13d5301aa5b8,"character, anthropomorphic",52,51,52,10841,18410,0.02313697338104248,0.015555161261895241,0.08220887184143066,0.33458074153290174,0.4448764655054892,0.5155131812633
4465edd4f9224526b44b7aa367dd87a8,"furniture, miscellaneous, accessory",3,2,7,981,692,0.192936971783638,0.2704737404627459,0.23235724866390228,0.9306829765450491,0.9999999999890471,0.9306829765450491
4b58e590e9fc422dbbf176c1848dc898,"character, anthropomorphic",58,57,57,3772,5909,0.012353709898889065,0.009647061176222275,0.08298522233963013,0.25789363964562034,0.3169844208816203,0.3973387417299164
4bda54d895544a83be9d1aeefcf8579f,"character, anthropomorphic",24,23,28,2581,2952,0.08333500474691391,0.049134898548280556,0.08313299715518951,0.3895918163118413,0.494399081393754,0.5389702865494705
4dda56e370824818a87ebf58472866b2,"anthropomorphic, mythical creature",69,68,52,11794,19450,0.021206878125667572,0.012028077609451989,0.12054252624511719,0.17314355105020693,0.20225773927899932,0.3382693910677184
55571b5d47614b4c9973e853fc6b6a72,character,22,21,20,354,196,0.034868188202381134,0.021979819869739004,0.06623353064060211,0.27302738597596377,0.36191564296909184,0.4598920152379987
55c6420f2df94c2ebd3099dda526dde1,"character, anthropomorphic",22,21,22,490,490,0.011793249286711216,0.0094538651808927,0.03624684363603592,0.4303364692311283,0.5323310408832622,0.5387012699054055
5f144ff373404241a4638acb61704fdc,"character, anthropomorphic",52,51,52,2934,4420,0.01695975475013256,0.011434603659346556,0.12454603612422943,0.3696496386101267,0.4356387785639273,0.44585835635493737
606d4e1580fe44a78beb7e9d7fbeae59,"animal, anthropomorphic",28,27,28,27926,49848,0.00766384694725275,0.007302398810030094,0.08702562749385834,0.6385209335995513,0.7299004698364365,0.7479992001811668
62a4088e74b040968f7f9b21a7730ba2,anatomy,16,15,16,9169,17584,0.03937101736664772,0.03426950753782876,0.08203108608722687,0.7685882761096144,0.874902777912553,0.8562421366217104
63cb3f33ad7f4b739811409d802f921f,"anthropomorphic, clothing",20,19,10,35997,54692,0.09847594797611237,0.07248188592493535,0.08749991655349731,0.07037089777353253,0.13475470932849437,0.16153104073109928
69d480fda41c4f64bfffe8fec11f4474,"character, anthropomorphic",14,13,16,1139,596,0.11036800593137741,0.0745480447949376,0.0775141716003418,0.19693519312372976,0.35328279491601844,0.3800270473754918
6b33d7c1a28c4459a1058b829b1d8022,"anthropomorphic, mythical creature",52,51,52,4826,4992,0.012929391115903854,0.009827885548405062,0.07966580986976624,0.3335503294238077,0.38965600538122014,0.4736430284292083
6e8b9213dfe7486d8be134847bce96be,mythical creature,8,7,8,907,457,0.031363606452941895,0.025474932393990457,0.042032040655612946,0.7090427472642268,0.8126141757875502,0.7714285713423186
7998e953cb5f46ffb417b616b7f3b471,animal,3,2,3,3452,6341,0.03595574200153351,0.19296510020891824,0.12366469204425812,0.8454221303592871,0.9097539344623364,0.9208780265558073
7f37f239817f41a2ad21b5f77cd0ff65,mythical creature,48,47,47,3742,6920,0.03108820505440235,0.015522733203784384,0.09357032924890518,0.3447535584831762,0.4282280201034398,0.46987733851191776
81007af39d6c4150b88f2abf4cc32a33,animal,36,35,30,1670,2712,0.027592867612838745,0.015263490988096843,0.04375758022069931,0.23571302923161883,0.3068819594721854,0.3994180504149147
86f8c89c51c548fca179edcff31d704b,"anthropomorphic, weapon",21,20,16,8521,6535,0.08267363905906677,0.04334274950088002,0.05681213364005089,0.1505443199349095,0.26254052187353644,0.3388829239359749
907bad0de1474461a74958f32572cb2c,"character, anthropomorphic, toy",39,38,39,5336,2679,0.01176182646304369,0.009682906764702728,0.10404954105615616,0.29630403188770366,0.38249288634244366,0.4199540866724573
936d052d807349d0aed54b177de8eea0,"character, anthropomorphic",67,66,43,35600,44224,0.03267195448279381,0.017767561512977578,0.11443875730037689,0.14716020485268064,0.18406040660191492,0.27087101106866784
95ef886a412c4dabae03f1d74555c38f,character,22,21,52,5533,9274,0.026722745969891548,0.04344543123331208,0.10234624147415161,0.3940534624958552,0.7360494008750634,0.47638504156698147
9a8a58ab5ab4437c9ee75e8095d65923,animal,33,32,9,3638,6172,0.016143061220645905,0.003607474577923616,0.028288215398788452,0.10322500197839678,0.10811654351929717,0.20722135704197212
a52c3bc38c70481aa79f6bcb2d2e5c0a,character,53,52,51,5288,8410,0.011867006309330463,0.00966638612204834,0.13248279690742493,0.3096617673282778,0.36371638152579255,0.442790640847212
b46779173b47414e9c3e14522fdad710,"mythical creature, anthropomorphic",68,67,46,9001,15468,0.08855324238538742,0.018265169045543702,0.10280002653598785,0.2176508559941803,0.29295954511768196,0.3004567212528883
b72f885adde94729ab31d2b54ba3231e,"anthropomorphic, toy",28,27,28,29066,56933,0.012664435431361198,0.014538619708868541,0.08523819595575333,0.5822229898250166,0.6463741219952929,0.6845313084804135
ba7079336d5845e7b1eff06b3cdaa831,"character, anthropomorphic",71,70,52,15168,12054,0.026887821033596992,0.012079956563516485,0.11533015966415405,0.32889325454133606,0.457279621119755,0.44484204006555794
bca0c9961bd6456db0a8238dae6e49aa,"character, anthropomorphic",52,51,52,6916,11834,0.013885031454265118,0.0138277962346015,0.13852079212665558,0.5608826070355161,0.7080037301830772,0.7003315659146987
c84ca8a774b142788dfd403ca139e4a0,animal,20,19,20,3138,1046,0.03920227661728859,0.02523284963099286,0.11261105537414551,0.41169377266462565,0.5311806627423031,0.5713422606231753
cdf059b69987467cbfa874e4df00a44d,"character, anthropomorphic",58,57,58,11013,14433,0.011917772702872753,0.007014950303810424,0.09585633128881454,0.3251707586101268,0.4117959124190723,0.46907767708843373
d3ea521c69a34307b0c149864031520c,animal,31,30,31,3968,2508,0.03159027546644211,0.015431154012349584,0.06806069612503052,0.393392284215664,0.5201809763152091,0.5164032739079093
d54985a111a745bcb57f85f82669be1e,"character, anthropomorphic",56,55,55,5073,9010,0.023822326213121414,0.012381570737554946,0.11530780792236328,0.3302533675138523,0.45889489466670036,0.42747853139553293
e7c279e6563740ec98396dd36d5fc58e,"character, anthropomorphic",28,27,19,377,371,0.03692521154880524,0.028059240442847733,0.0709376335144043,0.25818770736680324,0.35775137411807334,0.4430764053819435
f15298421b3d4e0fab4c43863a7e72fd,animal,20,19,15,6155,10000,0.024394862353801727,0.01781644922060271,0.041297152638435364,0.30371370778483275,0.38714631166622343,0.4786978777407189
f56c1adb37124925b275b3e122176e57,anthropomorphic,40,39,30,27782,51304,0.018990542739629745,0.010175531959976069,0.08795726299285889,0.33847281057481304,0.4283008447555231,0.49602253348106284
fb7131463f99420e9c3007569c019d7c,animal,28,27,28,2327,3880,0.01865825615823269,0.011716903438095219,0.06456343829631805,0.579432255755191,0.6454331784552612,0.7106003289747453
fe59424541db4360a2d5cfc7a7589087,anthropomorphic,22,21,22,19872,35952,0.018667709082365036,0.014550910183143887,0.06513470411300659,0.7095262351978127,0.7958490059129246,0.8610816014523486
57b39fb2-23dc-5f6b-a8f2-10b618cc0068,"character, anthropomorphic",62,61,32,17071,31292,0.02996833249926567,0.019614187272964045,0.07991320639848709,0.2694900671595718,0.32614698357840105,0.3747902494945112
3cf19b51-37e2-5fba-890c-f1c2fee9cd99,"character, anthropomorphic",46,45,19,6956,3496,0.03654806688427925,0.02914556468175234,0.0791013240814209,0.16011738221466573,0.1963578981449879,0.25799543401291813
90944bf8-7a58-5694-a33e-ca3090fe1702,character,23,22,18,2190,1110,0.017706457525491714,0.009415657020225707,0.05541940778493881,0.4154023743157639,0.5207672210856569,0.5540610767740672
f01d16e5-ea3f-59f6-aa82-20957ba9e403,character,52,51,52,6558,11440,0.01030045934021473,0.007992843271215232,0.13063117861747742,0.4354924105103831,0.5114502952112117,0.5569613979352644
bd4d0d84-6160-583f-aed1-4017feaad211,"mythical creature, anthropomorphic",15,14,13,624,948,0.14876773953437805,0.07740782043681695,0.07761460542678833,0.25997553217260155,0.37234582346719153,0.3876297085191199
e4a91aaa-55fd-5993-a8e1-ca984aa3ccc4,character,52,51,24,13772,20442,0.05695531889796257,0.01694063982843848,0.09413393586874008,0.2536699157408188,0.3144426238970115,0.30471636317238965
6fccfa2a-390b-58da-8c88-1361b1c4afe1,character,52,51,51,25432,41564,0.027253681793808937,0.01180156377057417,0.10159546136856079,0.3387206930452944,0.4084055277623623,0.4914421105136327
72f2772a-a2f1-525d-a531-0d6c1a58e013,animal,22,21,9,2924,1726,0.029157526791095734,0.021531427279114723,0.03003857657313347,0.1378124859711882,0.14099653880130722,0.2762543655365088
71fac729-fce1-5307-af04-bf3d610d37e2,animal,7,6,7,209,297,0.08901876956224442,0.03460411714123828,0.05681467801332474,0.18900136235217765,0.20927473974712907,0.42517006739963964
8ecd4af6-e475-55a8-b65b-f7b74f7294ac,"character, anthropomorphic",7,6,3,8481,7166,0.16457019746303558,0.07213030755519867,0.11295176297426224,0.17376806481344526,0.1755195531319196,0.27626606197656906
af538a83-5b40-50bc-860e-d12e4569b71b,animal,3,2,8,403,636,0.14550048112869263,0.17682386050000787,0.12999629974365234,0.6348508788997824,0.8192771083884449,0.8155737704474233
9f3df64f-4039-5570-8e3f-cba25e3e70d1,"character, anthropomorphic",29,28,20,11339,4690,0.038327816873788834,0.029237439506687224,0.08651143312454224,0.2884683155528279,0.3373975461814507,0.44599852182712607
a7638969-7224-5486-ad36-7a3b49da0f7d,"mythical creature, anthropomorphic",95,94,26,6599,7730,0.07885762304067612,0.05150448649118726,0.0960688367486,0.027576384078296535,0.04081001641424026,0.10973452691986277
